frame,timestamp,src_mac,format,channel_width_mhz,num_rx,num_tx,num_subcarriers,rssi1,rssi2,csi_data_size,rate_n_flag
0,0,22:6e:45:de:34:20,HT,20,2,1,56,75,79,448,49668
1,0,22:6e:45:de:34:20,HT,20,2,1,56,73,80,448,49667
2,0,22:6e:45:de:34:20,HT,20,2,1,56,75,79,448,49668
3,0,22:6e:45:de:34:20,HT,20,2,1,56,80,80,448,49667
4,0,22:6e:45:de:34:20,HT,20,2,1,56,79,77,448,49667
5,0,22:6e:45:de:34:20,HT,20,2,1,56,81,81,448,49667
6,0,22:6e:45:de:34:20,HT,20,2,1,56,79,78,448,49668
7,0,22:6e:45:de:34:20,HT,20,2,1,56,78,80,448,49667
8,0,22:6e:45:de:34:20,HT,20,2,1,56,78,80,448,49666
9,0,22:6e:45:de:34:20,HT,20,2,1,56,77,79,448,49666
10,0,22:6e:45:de:34:20,HT,20,2,1,56,81,80,448,49667
11,0,22:6e:45:de:34:20,HT,20,2,1,56,80,80,448,49666
12,0,22:6e:45:de:34:20,HT,20,2,1,56,80,79,448,49666
13,0,3a:8d:ef:b5:3b:fc,HT,20,2,1,56,68,68,448,49669
14,0,22:6e:45:de:34:20,HT,20,2,1,56,77,77,448,49666
15,0,68:72:51:58:79:97,HT,20,2,1,56,79,78,448,180740
16,0,68:72:51:58:79:97,HT,20,2,1,56,79,80,448,180740
17,0,68:72:51:58:79:97,HT,20,2,1,56,78,81,448,180740
18,0,68:72:51:58:79:97,HT,20,2,1,56,78,80,448,180740
19,0,22:6e:45:de:34:20,HT,20,2,1,56,76,78,448,49667
20,0,22:6e:45:de:34:20,HT,20,2,1,56,76,77,448,49666
21,0,22:6e:45:de:34:20,HT,20,2,1,56,77,77,448,49666
22,0,68:72:51:58:79:97,HT,20,2,1,56,78,80,448,180740
23,0,22:6e:45:de:34:20,HT,20,2,1,56,78,82,448,49667
24,0,22:6e:45:de:34:20,HT,20,2,1,56,77,82,448,49666
25,0,22:6e:45:de:34:20,HT,20,2,1,56,79,79,448,49666
26,0,22:6e:45:de:34:20,HT,20,2,1,56,78,81,448,49667
27,0,22:6e:45:de:34:20,HT,20,2,1,56,79,82,448,49667
28,0,22:6e:45:de:34:20,HT,20,2,1,56,78,82,448,49666
29,0,22:6e:45:de:34:20,HT,20,2,1,56,76,78,448,49667
30,0,22:6e:45:de:34:20,HT,20,2,1,56,76,79,448,49666
31,0,22:6e:45:de:34:20,HT,20,2,1,56,75,81,448,49667
32,0,22:6e:45:de:34:20,HT,20,2,1,56,76,80,448,49666
33,0,22:6e:45:de:34:20,HT,20,2,1,56,75,77,448,49667
34,0,22:6e:45:de:34:20,HT,20,2,1,56,76,80,448,49666
35,0,22:6e:45:de:34:20,HT,20,2,1,56,76,82,448,49668
36,0,22:6e:45:de:34:20,HT,20,2,1,56,76,82,448,49667
37,0,22:6e:45:de:34:20,HT,20,2,1,56,76,83,448,49667
38,0,22:6e:45:de:34:20,HT,20,2,1,56,77,77,448,49667
39,0,22:6e:45:de:34:20,HT,20,2,1,56,74,79,448,49667
40,0,22:6e:45:de:34:20,HT,20,2,1,56,75,79,448,49667
41,0,22:6e:45:de:34:20,HT,20,2,1,56,76,79,448,49666
42,0,22:6e:45:de:34:20,HT,20,2,1,56,75,84,448,49666
43,0,22:6e:45:de:34:20,HT,20,2,1,56,76,83,448,49666
44,0,22:6e:45:de:34:20,HT,20,2,1,56,77,79,448,49667
45,0,22:6e:45:de:34:20,HT,20,2,1,56,76,80,448,49666
46,0,22:6e:45:de:34:20,HT,20,2,1,56,77,79,448,49667
47,0,22:6e:45:de:34:20,HT,20,2,1,56,75,77,448,49667
48,0,22:6e:45:de:34:20,HT,20,2,1,56,75,77,448,49666
49,0,22:6e:45:de:34:20,HT,20,2,1,56,75,78,448,49666
50,0,22:6e:45:de:34:20,HT,20,2,1,56,75,82,448,49667
51,0,22:6e:45:de:34:20,HT,20,2,1,56,77,82,448,49667
52,0,22:6e:45:de:34:20,HT,20,2,1,56,74,80,448,49667
53,0,22:6e:45:de:34:20,HT,20,2,1,56,73,78,448,49666
54,0,22:6e:45:de:34:20,HT,20,2,1,56,74,79,448,49666
55,0,22:6e:45:de:34:20,HT,20,2,1,56,76,83,448,49666
56,0,22:6e:45:de:34:20,HT,20,2,1,56,74,80,448,49667
57,0,22:6e:45:de:34:20,HT,20,2,1,56,74,81,448,49667
58,0,22:6e:45:de:34:20,HT,20,2,1,56,73,84,448,49667
59,0,22:6e:45:de:34:20,HT,20,2,1,56,73,82,448,49666
60,0,22:6e:45:de:34:20,HT,20,2,1,56,73,82,448,49666
61,0,22:6e:45:de:34:20,HT,20,2,1,56,73,83,448,49666
62,0,22:6e:45:de:34:20,HT,20,2,1,56,76,80,448,49667
63,0,22:6e:45:de:34:20,HT,20,2,1,56,75,79,448,49666
64,0,22:6e:45:de:34:20,HT,20,2,1,56,75,83,448,49667
65,0,3a:8d:ef:b5:3b:fc,HT,20,2,1,56,66,66,448,49671
66,0,3a:8d:ef:b5:3b:fc,HT,20,2,1,56,66,66,448,49671
67,0,3a:8d:ef:b5:3b:fc,HT,20,2,1,56,66,67,448,49671
68,0,3a:8d:ef:b5:3b:fc,HT,20,2,1,56,66,67,448,49671
69,0,22:6e:45:de:34:20,HT,20,2,1,56,75,81,448,49667
70,0,22:6e:45:de:34:20,HT,20,2,1,56,75,75,448,49667
71,0,3a:8d:ef:b5:3b:fc,HT,20,2,1,56,66,70,448,49671
72,0,3a:8d:ef:b5:3b:fc,HT,20,2,1,56,66,71,448,49671
73,0,3a:8d:ef:b5:3b:fc,HT,20,2,1,56,66,71,448,49671
74,0,3a:8d:ef:b5:3b:fc,HT,20,2,1,56,65,71,448,49671
75,0,3a:8d:ef:b5:3b:fc,HT,20,2,1,56,66,71,448,49671
76,0,3a:8d:ef:b5:3b:fc,HT,20,2,1,56,66,71,448,49671
77,0,3a:8d:ef:b5:3b:fc,HT,20,2,1,56,66,71,448,49671
78,0,3a:8d:ef:b5:3b:fc,HT,20,2,1,56,65,71,448,49671
79,0,3a:8d:ef:b5:3b:fc,HT,20,2,1,56,66,70,448,49671
80,0,22:6e:45:de:34:20,HT,20,2,1,56,77,74,448,49667
81,0,22:6e:45:de:34:20,HT,20,2,1,56,77,75,448,49666
82,0,22:6e:45:de:34:20,HT,20,2,1,56,77,77,448,49667
83,0,23:6e:45:de:34:20,HT,20,2,1,56,75,74,448,49667
84,0,22:6e:45:de:34:20,HT,20,2,1,56,76,75,448,49668
85,0,3a:8d:ef:b5:3b:fc,HT,20,2,1,56,68,73,448,49671
86,0,22:6e:45:de:34:20,HT,20,2,1,56,74,74,448,49666
87,0,22:6e:45:de:34:20,HT,20,2,1,56,74,73,448,49666
88,0,22:6e:45:de:34:20,HT,20,2,1,56,74,74,448,49667
89,0,22:6e:45:de:34:20,HT,20,2,1,56,73,72,448,49666
90,0,3a:8d:ef:b5:3b:fc,HT,20,2,1,56,68,70,448,49671
91,0,22:6e:45:de:34:20,HT,20,2,1,56,73,73,448,49667
92,0,22:6e:45:de:34:20,HT,20,2,2,56,73,74,896,49684
93,0,22:6e:45:de:34:20,HT,20,2,1,56,74,75,448,49667
94,0,22:6e:45:de:34:20,HT,20,2,1,56,74,73,448,49666
95,0,22:6e:45:de:34:20,HT,20,2,1,56,73,73,448,49666
96,0,22:6e:45:de:34:20,HT,20,2,1,56,76,73,448,49668
97,0,22:6e:45:de:34:20,HT,20,2,1,56,75,73,448,49667
98,0,22:6e:45:de:34:20,HT,20,2,1,56,74,74,448,49666
99,0,22:6e:45:de:34:20,HT,20,2,1,56,75,77,448,49667
100,0,22:6e:45:de:34:20,HT,20,2,1,56,75,76,448,49667
101,0,22:6e:45:de:34:20,HT,20,2,1,56,75,75,448,49666
102,0,22:6e:45:de:34:20,HT,20,2,1,56,75,76,448,49666
103,0,22:6e:45:de:34:20,HT,20,2,1,56,75,74,448,49667
104,0,22:6e:45:de:34:20,HT,20,2,1,56,74,74,448,49666
105,0,22:6e:45:de:34:20,HT,20,2,1,56,75,75,448,49667
106,0,22:6e:45:de:34:20,HT,20,2,1,56,75,75,448,49666
107,0,22:6e:45:de:34:20,HT,20,2,1,56,74,75,448,49666
108,0,22:6e:45:de:34:20,HT,20,2,1,56,74,74,448,49667
109,0,22:6e:45:de:34:20,HT,20,2,1,56,75,74,448,49667
110,0,22:6e:45:de:34:20,HT,20,2,1,56,74,72,448,49667
111,0,22:6e:45:de:34:20,HT,20,2,1,56,73,72,448,49666
112,0,22:6e:45:de:34:20,HT,20,2,1,56,74,72,448,49666
113,0,22:6e:45:de:34:20,HT,20,2,1,56,73,75,448,49667
114,0,d4:3b:04:9a:7c:70,HT,20,2,2,56,71,71,896,49684
115,0,22:6e:45:de:34:20,HT,20,2,1,56,74,71,448,49667
116,0,22:6e:45:de:34:20,HT,20,2,1,56,74,71,448,49666
117,0,22:6e:45:de:34:20,HT,20,2,1,56,73,71,448,49666
118,0,d4:3b:04:9a:7c:70,HT,20,2,2,56,72,72,896,49685
119,0,22:6e:45:de:34:20,HT,20,2,1,56,73,74,448,49668
120,0,22:6e:45:de:34:20,HT,20,2,1,56,76,75,448,49667
121,0,d4:3b:04:9a:7c:70,HT,20,2,2,56,69,71,896,49684
122,0,22:6e:45:de:34:20,HT,20,2,1,56,75,75,448,49667
123,0,d4:3b:04:9a:7c:70,HT,20,2,2,56,71,72,896,49684
124,0,22:6e:45:de:34:20,HT,20,2,1,56,74,75,448,49667
125,0,22:6e:45:de:34:20,HT,20,2,1,56,73,75,448,49666
126,0,22:6e:45:de:34:20,HT,20,2,1,56,72,73,448,49666
127,0,22:6e:45:de:34:20,HT,20,2,1,56,73,72,448,49666
128,0,3a:8d:ef:b5:3b:fc,HT,20,2,1,56,70,72,448,49671
129,0,22:6e:45:de:34:20,HT,20,2,2,56,74,73,896,49684
130,0,22:6e:45:de:34:20,HT,20,2,2,56,73,74,896,49684
131,0,22:6e:45:de:34:20,HT,20,2,1,56,75,73,448,49667
132,0,3a:8d:ef:b5:3b:fc,HT,20,2,1,56,68,68,448,49671
133,0,22:6e:45:de:34:20,HT,20,2,1,56,75,72,448,49667
134,0,22:6e:45:de:34:20,HT,20,2,1,56,74,74,448,49667
135,0,22:6e:45:de:34:20,HT,20,2,1,56,73,74,448,49666
136,0,22:6e:45:de:34:20,HT,20,2,1,56,73,72,448,49666
137,0,22:6e:45:de:34:20,HT,20,2,1,56,75,73,448,49667
138,0,22:6e:45:de:34:20,HT,20,2,1,56,75,75,448,49667
139,0,22:6e:45:de:34:20,HT,20,2,2,56,75,74,896,49684
140,0,22:6e:45:de:34:20,HT,20,2,1,56,75,74,448,49667
141,0,22:6e:45:de:34:20,HT,20,2,1,56,75,75,448,49667
142,0,22:6e:45:de:34:20,HT,20,2,1,56,76,75,448,49666
143,0,22:6e:45:de:34:20,HT,20,2,1,56,75,74,448,49667
144,0,22:6e:45:de:34:20,HT,20,2,1,56,75,76,448,49667
145,0,22:6e:45:de:34:20,HT,20,2,1,56,75,75,448,49666
146,0,22:6e:45:de:34:20,HT,20,2,1,56,75,74,448,49667
147,0,22:6e:45:de:34:20,HT,20,2,1,56,73,76,448,49667
148,0,22:6e:45:de:34:20,HT,20,2,1,56,73,75,448,49666
149,0,3a:8d:ef:b5:3b:fc,HT,20,2,1,56,69,71,448,49669
150,0,3a:8d:ef:b5:3b:fc,HT,20,2,1,56,69,71,448,49669
151,0,22:6e:45:de:34:20,HT,20,2,1,56,75,73,448,49666
152,0,22:6e:45:de:34:20,HT,20,2,1,56,74,72,448,49666
153,0,22:6e:45:de:34:20,HT,20,2,1,56,76,74,448,49667
154,0,22:6e:45:de:34:20,HT,20,2,1,56,75,76,448,49667
155,0,22:6e:45:de:34:20,HT,20,2,1,56,75,76,448,49666
156,0,22:6e:45:de:34:20,HT,20,2,1,56,74,74,448,49667
157,0,22:6e:45:de:34:20,HT,20,2,1,56,74,73,448,49666
158,0,22:6e:45:de:34:20,HT,20,2,1,56,74,73,448,49666
159,0,3a:8d:ef:b5:3b:fc,HT,20,2,1,56,68,67,448,49671
160,0,22:6e:45:de:34:20,HT,20,2,1,56,74,73,448,49666
161,0,22:6e:45:de:34:20,HT,20,2,1,56,75,75,448,49666
162,0,6a:af:7a:a0:d8:63,HT,20,2,2,56,81,78,896,49681
163,0,22:6e:45:de:34:20,HT,20,2,1,56,76,74,448,49666
164,0,22:6e:45:de:34:20,HT,20,2,1,56,76,73,448,49666
165,0,22:6e:45:de:34:20,HT,20,2,1,56,75,76,448,49667
166,0,22:6e:45:de:34:20,HT,20,2,1,56,74,75,448,49666
167,0,22:6e:45:de:34:20,HT,20,2,1,56,76,74,448,49667
168,0,22:6e:45:de:34:20,HT,20,2,1,56,74,73,448,49667
169,0,22:6e:95:c4:6d:1f,HT,20,2,1,56,75,74,448,49668
170,0,6a:af:7a:a0:d8:63,HT,20,2,2,56,82,78,896,49680
171,0,6a:af:7a:a0:d8:63,HT,20,2,2,56,83,79,896,49680
172,0,22:6e:45:de:34:20,HT,20,2,1,56,74,74,448,49667
173,0,22:6e:45:de:34:20,HT,20,2,1,56,73,73,448,49666
174,0,3a:8d:ef:b5:3b:fc,HT,20,2,1,56,68,69,448,49671
175,0,6a:af:7a:a0:d8:63,HT,20,2,2,56,84,78,896,49680
176,0,22:6e:45:de:34:20,HT,20,2,1,56,75,74,448,49667
177,0,22:6e:45:de:34:20,HT,20,2,1,56,75,75,448,49666
178,0,22:6e:45:de:34:20,HT,20,2,1,56,75,76,448,49667
179,0,22:6e:45:de:34:20,HT,20,2,1,56,75,76,448,49666
180,0,22:6e:45:de:34:20,HT,20,2,1,56,75,75,448,49666
181,0,6a:af:7a:a0:d8:63,HT,20,2,2,56,83,79,896,49680
182,0,6a:af:7a:a0:d8:63,HT,20,2,2,56,84,78,896,49680
183,0,22:6e:45:de:34:20,HT,20,2,1,56,76,73,448,49667
184,0,22:6e:45:de:34:20,HT,20,2,1,56,73,74,448,49667
185,0,22:6e:45:de:34:20,HT,20,2,1,56,73,73,448,49666
186,0,22:6e:45:de:34:20,HT,20,2,1,56,74,74,448,49667
187,0,22:6e:45:de:34:20,HT,20,2,1,56,76,73,448,49666
188,0,22:6e:45:de:34:20,HT,20,2,1,56,74,78,448,49667
189,0,22:6e:45:de:34:20,HT,20,2,1,56,74,78,448,49666
190,0,22:6e:45:de:34:20,HT,20,2,1,56,73,73,448,49666
191,0,6a:af:7a:a0:d8:63,HT,20,2,2,56,80,79,896,49680
192,0,22:6e:45:de:34:20,HT,20,2,1,56,75,73,448,49667
193,0,22:6e:45:de:34:20,HT,20,2,1,56,75,74,448,49666
194,0,6a:af:7a:a0:d8:63,HT,20,2,2,56,84,78,896,49681
195,0,22:6e:45:de:34:20,HT,20,2,1,56,75,73,448,49667
196,0,22:6e:45:de:34:20,HT,20,2,1,56,74,73,448,49666
197,0,22:6e:45:de:34:20,HT,20,2,1,56,75,75,448,49667
198,0,22:6e:45:de:34:20,HT,20,2,1,56,74,75,448,49666
199,0,22:6e:45:de:34:20,HT,20,2,1,56,74,76,448,49667
200,0,22:6e:45:de:34:20,HT,20,2,1,56,74,75,448,49666
201,0,22:6e:45:de:34:20,HT,20,2,1,56,73,75,448,49666
202,0,22:6e:45:de:34:20,HT,20,2,1,56,74,78,448,49666
203,0,22:6e:45:de:34:20,HT,20,2,1,56,74,77,448,49666
204,0,22:6e:45:de:34:20,HT,20,2,1,56,75,73,448,49667
205,0,22:6e:45:de:34:20,HT,20,2,1,56,75,75,448,49668
206,0,22:6e:45:de:34:20,HT,20,2,1,56,75,75,448,49667
207,0,22:6e:45:de:34:20,HT,20,2,1,56,75,76,448,49667
208,0,22:6e:45:de:34:20,HT,20,2,1,56,75,75,448,49667
209,0,22:6e:45:de:34:20,HT,20,2,1,56,76,75,448,49666
210,0,22:6e:45:de:34:20,HT,20,2,1,56,76,75,448,49666
211,0,22:6e:45:de:34:20,HT,20,2,1,56,75,76,448,49667
212,0,22:6e:45:de:34:20,HT,20,2,1,56,74,75,448,49666
213,0,22:6e:45:de:34:20,HT,20,2,1,56,74,76,448,49666
214,0,22:6e:45:de:34:20,HT,20,2,1,56,76,75,448,49667
215,0,22:6e:45:de:34:20,HT,20,2,1,56,76,73,448,49667
216,0,22:6e:45:de:34:20,HT,20,2,1,56,75,75,448,49667
217,0,22:6e:45:de:34:20,HT,20,2,1,56,75,75,448,49666
218,0,22:6e:45:de:34:20,HT,20,2,1,56,74,74,448,49666
219,0,22:6e:45:de:34:20,HT,20,2,1,56,77,73,448,49667
220,0,22:6e:45:de:34:20,HT,20,2,1,56,76,72,448,49666
221,0,22:6e:45:de:34:20,HT,20,2,1,56,75,75,448,49667
222,0,22:6e:45:de:34:20,HT,20,2,1,56,75,72,448,49667
223,0,22:6e:45:de:34:20,HT,20,2,1,56,74,72,448,49666
224,0,22:6e:45:de:34:20,HT,20,2,1,56,76,75,448,49668
225,0,22:6e:45:de:34:20,HT,20,2,1,56,76,74,448,49667
226,0,22:6e:45:de:34:20,HT,20,2,1,56,76,74,448,49666
227,0,22:6e:45:de:34:20,HT,20,2,2,56,75,77,896,49684
228,0,22:6e:45:de:34:20,HT,20,2,1,56,77,75,448,49667
229,0,22:6e:45:de:34:20,HT,20,2,1,56,74,73,448,49668
230,0,22:6e:45:de:34:20,HT,20,2,1,56,74,73,448,49668
231,0,22:6e:45:de:34:20,HT,20,2,1,56,75,74,448,49667
232,0,22:6e:45:de:34:20,HT,20,2,1,56,75,74,448,49666
233,0,22:6e:45:de:34:20,HT,20,2,1,56,75,75,448,49667
234,0,22:6e:45:de:34:20,HT,20,2,1,56,75,75,448,49666
235,0,22:6e:45:de:34:20,HT,20,2,1,56,73,75,448,49666
236,0,22:6e:45:de:34:20,HT,20,2,1,56,77,74,448,49667
237,0,22:6e:45:de:34:20,HT,20,2,1,56,75,74,448,49666
238,0,22:6e:45:de:34:20,HT,20,2,1,56,75,74,448,49666
239,0,22:6e:45:de:34:20,HT,20,2,1,56,75,73,448,49668
240,0,22:6e:45:de:34:20,HT,20,2,1,56,75,73,448,49667
241,0,22:6e:45:de:34:20,HT,20,2,1,56,74,75,448,49667
242,0,3a:8d:ef:b5:3b:fc,HT,20,2,1,56,68,68,448,49671
243,0,22:6e:45:de:34:20,HT,20,2,1,56,76,74,448,49667
244,0,22:6e:45:de:34:20,HT,20,2,2,56,75,76,896,49684
245,0,22:6e:45:de:34:20,HT,20,2,1,56,75,76,448,49667
246,0,22:6e:45:de:34:20,HT,20,2,1,56,74,75,448,49668
247,0,22:6e:45:de:34:20,HT,20,2,1,56,76,76,448,49667
248,0,22:6e:45:de:34:20,HT,20,2,1,56,75,76,448,49666
249,0,22:6e:45:de:34:20,HT,20,2,1,56,75,75,448,49667
250,0,22:6e:45:de:34:20,HT,20,2,1,56,76,75,448,49666
251,0,22:6e:45:de:34:20,HT,20,2,1,56,75,73,448,49666
252,0,22:6e:45:de:34:20,HT,20,2,1,56,75,74,448,49667
253,0,22:6e:45:de:34:20,HT,20,2,1,56,75,74,448,49666
254,0,22:6e:45:de:34:20,HT,20,2,1,56,74,75,448,49667
255,0,22:6e:45:de:34:20,HT,20,2,1,56,74,75,448,49666
256,0,22:6e:45:de:34:20,HT,20,2,1,56,74,74,448,49666
257,0,22:6e:45:de:34:20,HT,20,2,1,56,76,75,448,49667
258,0,22:6e:45:de:34:20,HT,20,2,1,56,76,74,448,49666
259,0,22:6e:45:de:34:20,HT,20,2,1,56,76,74,448,49667
260,0,22:6e:45:de:34:20,HT,20,2,1,56,75,76,448,49667
261,0,22:6e:45:de:34:20,HT,20,2,1,56,75,74,448,49667
262,0,22:6e:45:de:34:20,HT,20,2,1,56,74,74,448,49666
263,0,22:6e:45:de:34:20,HT,20,2,1,56,74,74,448,49666
264,0,22:6e:45:de:34:20,HT,20,2,1,56,74,75,448,49667
265,0,22:6e:45:de:34:20,HT,20,2,1,56,73,74,448,49666
266,0,22:6e:45:de:34:20,HT,20,2,1,56,76,78,448,49666
267,0,22:6e:45:de:34:20,HT,20,2,1,56,76,78,448,49666
268,0,22:6e:45:de:34:20,HT,20,2,1,56,76,75,448,49667
269,0,22:6e:45:de:34:20,HT,20,2,1,56,75,74,448,49667
270,0,22:6e:45:de:34:20,HT,20,2,1,56,77,75,448,49667
271,0,22:6e:45:de:34:20,HT,20,2,1,56,75,74,448,49667
272,0,3a:8d:ef:b5:3b:fc,HT,20,2,1,56,70,67,448,49671
273,0,22:6e:45:de:34:20,HT,20,2,1,56,75,75,448,49667
274,0,22:6e:45:de:34:20,HT,20,2,1,56,74,79,448,49668
275,0,22:6e:45:de:34:20,HT,20,2,1,56,76,76,448,49667
276,0,22:6e:45:de:34:20,HT,20,2,1,56,75,76,448,49666
277,0,3a:8d:ef:b5:3b:fc,HT,20,2,1,56,69,68,448,49671
278,0,22:6e:45:de:34:20,HT,20,2,1,56,75,75,448,49667
279,0,22:6e:45:de:34:20,HT,20,2,1,56,75,76,448,49666
280,0,22:6e:45:de:34:20,HT,20,2,1,56,74,76,448,49666
281,0,22:6e:45:de:34:20,HT,20,2,1,56,75,75,448,49666
282,0,22:6e:45:de:34:20,HT,20,2,1,56,76,77,448,49667
283,0,22:6e:45:de:34:20,HT,20,2,1,56,75,80,448,49667
284,0,22:6e:45:de:34:20,HT,20,2,1,56,77,77,448,49667
285,0,22:6e:45:de:34:20,HT,20,2,1,56,77,76,448,49666
286,0,22:6e:45:de:34:20,HT,20,2,1,56,73,74,448,49667
287,0,22:6e:45:de:34:20,HT,20,2,1,56,74,74,448,49666
288,0,22:6e:45:de:34:20,HT,20,2,1,56,75,75,448,49667
289,0,22:6e:45:de:34:20,HT,20,2,1,56,75,74,448,49666
290,0,22:6e:45:de:34:20,HT,20,2,1,56,75,75,448,49667
291,0,22:6e:45:de:34:20,HT,20,2,1,56,74,75,448,49666
292,0,d2:eb:c2:e1:ba:12,HT,20,2,1,56,72,68,448,49668
293,0,22:6e:45:de:34:20,HT,20,2,1,56,77,75,448,49667
294,0,22:6e:45:de:34:20,HT,20,2,1,56,75,75,448,49667
295,0,22:6e:45:de:34:20,HT,20,2,1,56,75,74,448,49666
296,0,22:6e:45:de:34:20,HT,20,2,1,56,75,73,448,49666
297,0,22:6e:45:de:34:20,HT,20,2,1,56,74,76,448,49667
298,0,22:6e:45:de:34:20,HT,20,2,1,56,73,75,448,49666
299,0,22:6e:45:de:34:20,HT,20,2,1,56,75,76,448,49667
300,0,22:6e:45:de:34:20,HT,20,2,1,56,75,75,448,49666
301,0,22:6e:45:de:34:20,HT,20,2,1,56,75,76,448,49666
302,0,22:6e:45:de:34:20,HT,20,2,1,56,78,78,448,49667
303,0,22:6e:45:de:34:20,HT,20,2,1,56,79,78,448,49666
304,0,22:6e:45:de:34:20,HT,20,2,1,56,78,77,448,49666
305,0,22:6e:45:de:34:20,HT,20,2,1,56,75,75,448,49667
306,0,22:6e:45:de:34:20,HT,20,2,1,56,75,74,448,49666
307,0,22:6e:45:de:34:20,HT,20,2,1,56,74,74,448,49666
308,0,22:6e:45:de:34:20,HT,20,2,1,56,77,75,448,49667
309,0,22:6e:45:de:34:20,HT,20,2,1,56,73,75,448,49667
310,0,22:6e:45:de:34:20,HT,20,2,1,56,76,76,448,49667
311,0,22:6e:45:de:34:20,HT,20,2,1,56,76,77,448,49667
312,0,22:6e:45:de:34:20,HT,20,2,1,56,75,74,448,49667
313,0,6a:af:7a:a0:d8:63,HT,20,2,1,56,81,80,448,49667
314,0,3a:8d:ef:b5:3b:fc,HT,20,2,1,56,70,69,448,49671
315,0,3a:8d:ef:b5:3b:fc,HT,20,2,1,56,69,69,448,49671
316,0,3a:8d:ef:b5:3b:fc,HT,20,2,1,56,69,69,448,49671
317,0,22:6e:45:de:34:20,HT,20,2,1,56,75,74,448,49667
318,0,3a:8d:ef:b5:3b:fc,HT,20,2,1,56,70,67,448,49671
319,0,22:6e:45:de:34:20,HT,20,2,1,56,74,74,448,49667
320,0,22:6e:45:de:34:20,HT,20,2,1,56,75,73,448,49667
321,0,3a:8d:ef:b5:3b:fc,HT,20,2,1,56,68,66,448,49671
322,0,3a:8d:ef:b5:3b:fc,HT,20,2,1,56,68,66,448,49671
323,0,3a:8d:ef:b5:3b:fc,HT,20,2,1,56,68,66,448,49669
324,0,3a:8d:ef:b5:3b:fc,HT,20,2,1,56,68,66,448,49669
325,0,3a:8d:ef:b5:3b:fc,HT,20,2,1,56,68,66,448,49667
326,0,3a:8d:ef:b5:3b:fc,HT,20,2,1,56,69,66,448,49671
327,0,22:6e:45:de:34:20,HT,20,2,1,56,76,73,448,49667
328,0,3a:8d:ef:b5:3b:fc,HT,20,2,1,56,70,69,448,49671
329,0,3a:8d:ef:b5:3b:fc,HT,20,2,1,56,67,70,448,49671
330,0,22:6e:45:de:34:20,HT,20,2,1,56,76,76,448,49667
331,0,22:6e:45:de:34:20,HT,20,2,1,56,75,76,448,49667
332,0,22:6e:45:de:34:20,HT,20,2,1,56,75,76,448,49666
333,0,22:6e:45:de:34:20,HT,20,2,1,56,74,75,448,49666
334,0,22:6e:45:de:34:20,HT,20,2,1,56,76,77,448,49667
335,0,3a:8d:ef:b5:3b:fc,HT,20,2,1,56,68,69,448,49671
336,0,3a:8d:ef:b5:3b:fc,HT,20,2,1,56,69,68,448,49669
337,0,3a:8d:ef:b5:3b:fc,HT,20,2,1,56,69,68,448,49671
338,0,22:6e:45:de:34:20,HT,20,2,1,56,76,76,448,49666
339,0,22:6e:45:de:34:20,HT,20,2,1,56,76,78,448,49667
340,0,22:6e:45:de:34:20,HT,20,2,1,56,76,76,448,49668
341,0,22:6e:45:de:34:20,HT,20,2,1,56,75,75,448,49667
342,0,22:6e:45:de:34:20,HT,20,2,1,56,75,74,448,49666
343,0,22:6e:45:de:34:20,HT,20,2,1,56,76,75,448,49666
344,0,22:6e:45:de:34:20,HT,20,2,1,56,75,75,448,49667
345,0,22:6e:45:de:34:20,HT,20,2,1,56,76,75,448,49667
346,0,22:6e:45:de:34:20,HT,20,2,1,56,75,75,448,49666
347,0,22:6e:45:de:34:20,HT,20,2,1,56,77,75,448,49667
348,0,22:6e:45:de:34:20,HT,20,2,1,56,76,74,448,49666
349,0,22:6e:45:de:34:20,HT,20,2,1,56,77,76,448,49667
350,0,22:6e:45:de:34:20,HT,20,2,1,56,76,76,448,49666
351,0,22:6e:45:de:34:20,HT,20,2,1,56,76,77,448,49667
352,0,22:6e:45:de:34:20,HT,20,2,1,56,74,78,448,49667
353,0,22:6e:45:de:34:20,HT,20,2,1,56,73,77,448,49666
354,0,22:6e:45:de:34:20,HT,20,2,1,56,73,77,448,49666
355,0,22:6e:45:de:34:20,HT,20,2,1,56,73,77,448,49667
356,0,22:6e:45:de:34:20,HT,20,2,1,56,73,76,448,49666
357,0,22:6e:45:de:34:20,HT,20,2,1,56,74,80,448,49666
358,0,22:6e:45:de:34:20,HT,20,2,1,56,74,77,448,49667
359,0,22:6e:45:de:34:20,HT,20,2,1,56,73,75,448,49666
360,0,22:6e:45:de:34:20,HT,20,2,1,56,72,77,448,49666
361,0,22:6e:45:de:34:20,HT,20,2,1,56,74,79,448,49667
362,0,22:6e:45:de:34:20,HT,20,2,1,56,73,79,448,49667
363,0,22:6e:45:de:34:20,HT,20,2,1,56,75,77,448,49667
364,0,3a:8d:ef:b5:3b:fc,HT,20,2,1,56,66,69,448,49671
365,0,3a:8d:ef:b5:3b:fc,HT,20,2,1,56,66,69,448,49671
366,0,22:6e:45:de:34:20,HT,20,2,1,56,77,78,448,49667
367,0,22:6e:45:de:34:20,HT,20,2,1,56,74,80,448,49667
368,0,22:6e:45:de:34:20,HT,20,2,1,56,74,83,448,49667
369,0,22:6e:45:de:34:20,HT,20,2,1,56,74,80,448,49667
370,0,3a:8d:ef:b5:3b:fc,HT,20,2,1,56,67,68,448,49671
371,0,22:6e:45:de:34:20,HT,20,2,1,56,75,78,448,49667
372,0,22:6e:45:de:34:20,HT,20,2,1,56,75,78,448,49666
373,0,22:6e:45:de:34:20,HT,20,2,1,56,75,79,448,49666
374,0,22:6e:45:de:34:20,HT,20,2,1,56,75,79,448,49667
375,0,22:6e:45:de:34:20,HT,20,2,1,56,75,78,448,49666
376,0,22:6e:45:de:34:20,HT,20,2,1,56,73,77,448,49667
377,0,22:6e:45:de:34:20,HT,20,2,1,56,73,76,448,49666
378,0,22:6e:45:de:34:20,HT,20,2,1,56,73,76,448,49666
379,0,3a:8d:ef:b5:3b:fc,HT,20,2,1,56,67,68,448,49671
380,0,3a:8d:ef:b5:3b:fc,HT,20,2,1,56,67,68,448,49669
381,0,3a:8d:ef:b5:3b:fc,HT,20,2,1,56,67,68,448,49669
382,0,22:6e:45:de:34:20,HT,20,2,1,56,74,76,448,49667
383,0,22:6e:45:de:34:20,HT,20,2,1,56,73,80,448,49667
384,0,22:6e:45:de:34:20,HT,20,2,1,56,72,78,448,49666
385,0,22:6e:45:de:34:20,HT,20,2,1,56,75,78,448,49667
386,0,22:6e:45:de:34:20,HT,20,2,1,56,75,77,448,49668
387,0,22:6e:45:de:34:20,HT,20,2,1,56,74,75,448,49667
388,0,22:6e:45:de:34:20,HT,20,2,1,56,75,76,448,49666
389,0,22:6e:45:de:34:20,HT,20,2,1,56,74,74,448,49668
390,0,3a:8d:ef:b5:3b:fc,HT,20,2,1,56,67,67,448,49671
391,0,3a:8d:ef:b5:3b:fc,HT,20,2,1,56,68,67,448,49671
392,0,22:6e:45:de:34:20,HT,20,2,1,56,75,77,448,49668
393,0,22:6e:45:de:34:20,HT,20,2,1,56,73,77,448,49667
394,0,22:6e:45:de:34:20,HT,20,2,1,56,76,75,448,49667
395,0,22:6e:45:de:34:20,HT,20,2,1,56,75,79,448,49667
396,0,22:6e:45:de:34:20,HT,20,2,1,56,74,79,448,49666
397,0,22:6e:45:de:34:20,HT,20,2,1,56,74,78,448,49666
398,0,22:6e:45:de:34:20,HT,20,2,1,56,74,74,448,49666
399,0,22:6e:45:de:34:20,HT,20,2,1,56,74,76,448,49667
400,0,22:6e:45:de:34:20,HT,20,2,1,56,76,79,448,49668
401,0,22:6e:45:de:34:20,HT,20,2,1,56,76,73,448,49667
402,0,22:6e:45:de:34:20,HT,20,2,1,56,76,76,448,49666
403,0,22:6e:45:de:34:20,HT,20,2,1,56,75,78,448,49667
404,0,3a:8d:ef:b5:3b:fc,HT,20,2,1,56,67,68,448,49671
405,0,22:6e:45:de:34:20,HT,20,2,1,56,75,76,448,49667
406,0,22:6e:45:de:34:20,HT,20,2,1,56,74,76,448,49666
407,0,22:6e:45:de:34:20,HT,20,2,1,56,75,76,448,49666
408,0,22:6e:45:de:34:20,HT,20,2,1,56,75,76,448,49666
409,0,3a:8d:ef:b5:3b:fc,HT,20,2,1,56,66,69,448,49671
410,0,3a:8d:ef:b5:3b:fc,HT,20,2,1,56,67,69,448,49671
411,0,3a:8d:ef:b5:3b:fc,HT,20,2,1,56,67,69,448,49671
412,0,3a:8d:ef:b5:3b:fc,HT,20,2,1,56,67,71,448,49671
413,0,3a:8d:ef:b5:3b:fc,HT,20,2,1,56,68,72,448,49671
414,0,3a:8d:ef:b5:3b:fc,HT,20,2,1,56,68,71,448,49671
415,0,3a:8d:ef:b5:3b:fc,HT,20,2,1,56,67,69,448,49671
416,0,22:6e:45:de:34:20,HT,20,2,1,56,75,74,448,49668
417,0,22:6e:45:de:34:20,HT,20,2,1,56,74,74,448,49666
418,0,22:6e:45:de:34:20,HT,20,2,1,56,75,74,448,49666
419,0,3a:8d:77:6a:e6:c9,HT,20,2,1,56,67,70,448,49671
420,0,3a:8d:ef:b5:3b:fc,HT,20,2,1,56,66,71,448,49669
421,0,22:6e:45:de:34:20,HT,20,2,1,56,74,74,448,49667
422,0,22:6e:45:de:34:20,HT,20,2,1,56,74,74,448,49666
423,0,3a:8d:ef:b5:3b:fc,HT,20,2,1,56,66,68,448,49671
424,0,3a:8d:ef:b5:3b:fc,HT,20,2,1,56,66,68,448,49671
425,0,3a:8d:ef:b5:3b:fc,HT,20,2,1,56,66,70,448,49671
426,0,22:6e:45:de:34:20,HT,20,2,1,56,75,74,448,49667
427,0,22:6e:45:de:34:20,HT,20,2,1,56,74,73,448,49666
428,0,22:6e:45:de:34:20,HT,20,2,1,56,75,73,448,49667
429,0,22:6e:45:de:34:20,HT,20,2,1,56,76,74,448,49667
430,0,3a:8d:ef:b5:3b:fc,HT,20,2,1,56,66,69,448,49671
431,0,22:6e:45:de:34:20,HT,20,2,1,56,76,74,448,49667
432,0,22:6e:45:de:34:20,HT,20,2,1,56,75,73,448,49666
433,0,22:6e:45:de:34:20,HT,20,2,1,56,75,73,448,49666
434,0,22:6e:45:de:34:20,HT,20,2,1,56,74,75,448,49667
435,0,3a:8d:ef:b5:3b:fc,HT,20,2,1,56,66,69,448,49671
436,0,3a:8d:ef:b5:3b:fc,HT,20,2,1,56,67,70,448,49671
437,0,3a:8d:ef:b5:3b:fc,HT,20,2,1,56,67,69,448,49671
438,0,3a:8d:ef:b5:3b:fc,HT,20,2,1,56,66,69,448,49671
439,0,22:6e:45:de:34:20,HT,20,2,1,56,75,74,448,49666
440,0,22:6e:45:de:34:20,HT,20,2,1,56,76,74,448,49666
441,0,22:6e:45:de:34:20,HT,20,2,1,56,75,73,448,49667
442,0,3a:8d:ef:b5:3b:fc,HT,20,2,1,56,66,68,448,49671
443,0,3a:8d:ef:b5:3b:fc,HT,20,2,1,56,66,69,448,49671
444,0,3a:8d:ef:b5:3b:fc,HT,20,2,1,56,66,70,448,49671
445,0,3a:8d:ef:b5:3b:fc,HT,20,2,1,56,66,69,448,49669
446,0,3a:8d:ef:b5:3b:fc,HT,20,2,1,56,66,69,448,49671
447,0,3a:8d:ef:b5:3b:fc,HT,20,2,1,56,66,69,448,49671
448,0,3a:8d:ef:b5:3b:fc,HT,20,2,1,56,66,69,448,49669
449,0,3a:8d:ef:b5:3b:fc,HT,20,2,1,56,66,69,448,49669
450,0,3a:8d:ef:b5:3b:fc,HT,20,2,1,56,66,69,448,49667
451,0,22:6e:45:de:34:20,HT,20,2,1,56,75,74,448,49667
452,0,22:6e:45:de:34:20,HT,20,2,1,56,75,74,448,49667
453,0,3a:8d:ef:b5:3b:fc,HT,20,2,1,56,66,67,448,49671
454,0,6a:af:7a:a0:d8:63,HT,20,2,1,56,81,79,448,49667
455,0,22:6e:45:de:34:20,HT,20,2,1,56,75,75,448,49667
456,0,22:6e:45:de:34:20,HT,20,2,1,56,75,74,448,49666
457,0,22:6e:45:de:34:20,HT,20,2,1,56,76,75,448,49667
458,0,22:6e:45:de:34:20,HT,20,2,1,56,75,74,448,49666
459,0,22:6e:45:de:34:20,HT,20,2,1,56,76,74,448,49666
460,0,22:6e:45:de:34:20,HT,20,2,1,56,75,73,448,49667
461,0,22:6e:45:de:34:20,HT,20,2,1,56,74,73,448,49666
462,0,22:6e:45:de:34:20,HT,20,2,1,56,74,73,448,49666
463,0,22:6e:45:de:34:20,HT,20,2,1,56,75,73,448,49666
464,0,22:6e:45:de:34:20,HT,20,2,1,56,73,73,448,49667
465,0,22:6e:45:de:34:20,HT,20,2,1,56,74,76,448,49667
466,0,3a:8d:ef:b5:3b:fc,HT,20,2,1,56,66,70,448,49671
467,0,22:6e:45:de:34:20,HT,20,2,1,56,74,74,448,49667
468,0,22:6e:45:de:34:20,HT,20,2,1,56,73,73,448,49666
469,0,22:6e:45:de:34:20,HT,20,2,1,56,74,73,448,49666
470,0,22:6e:45:de:34:20,HT,20,2,1,56,74,75,448,49667
471,0,22:6e:45:de:34:20,HT,20,2,1,56,74,74,448,49666
472,0,22:6e:45:de:34:20,HT,20,2,1,56,75,74,448,49666
473,0,22:6e:45:de:34:20,HT,20,2,1,56,75,75,448,49666
474,0,22:6e:45:de:34:20,HT,20,2,1,56,74,76,448,49667
475,0,22:6e:45:de:34:20,HT,20,2,1,56,75,73,448,49666
476,0,22:6e:45:de:34:20,HT,20,2,1,56,75,76,448,49667
477,0,22:6e:45:de:34:20,HT,20,2,1,56,75,76,448,49666
478,0,22:6e:45:de:34:20,HT,20,2,1,56,75,76,448,49666
479,0,22:6e:45:de:34:20,HT,20,2,1,56,74,76,448,49667
480,0,22:6e:45:de:34:20,HT,20,2,1,56,75,75,448,49666
481,0,22:6e:45:de:34:20,HT,20,2,1,56,76,76,448,49667
482,0,22:6e:45:de:34:20,HT,20,2,1,56,75,76,448,49666
483,0,22:6e:45:de:34:20,HT,20,2,1,56,75,76,448,49667
484,0,22:6e:45:de:34:20,HT,20,2,1,56,75,75,448,49666
485,0,22:6e:45:de:34:20,HT,20,2,1,56,74,74,448,49666
486,0,22:6e:45:de:34:20,HT,20,2,1,56,75,75,448,49666
487,0,22:6e:45:de:34:20,HT,20,2,2,56,77,77,896,49684
488,0,22:6e:45:de:34:20,HT,20,2,1,56,76,76,448,49667
489,0,22:6e:45:de:34:20,HT,20,2,1,56,76,75,448,49667
490,0,22:6e:45:de:34:20,HT,20,2,1,56,76,76,448,49666
491,0,22:6e:45:de:34:20,HT,20,2,1,56,77,76,448,49666
492,0,22:6e:45:de:34:20,HT,20,2,1,56,76,79,448,49667
493,0,22:6e:45:de:34:20,HT,20,2,1,56,76,78,448,49666
494,0,22:6e:45:de:34:20,HT,20,2,1,56,76,77,448,49667
495,0,22:6e:45:de:34:20,HT,20,2,1,56,75,76,448,49667
496,0,22:6e:45:de:34:20,HT,20,2,1,56,76,77,448,49666
497,0,22:6e:45:de:34:20,HT,20,2,1,56,78,75,448,49667
498,0,22:6e:45:de:34:20,HT,20,2,1,56,76,76,448,49666
499,0,22:6e:45:de:34:20,HT,20,2,1,56,75,76,448,49666
500,0,22:6e:45:de:34:20,HT,20,2,1,56,77,75,448,49667
501,0,22:6e:45:de:34:20,HT,20,2,1,56,75,77,448,49667
502,0,22:6e:45:de:34:20,HT,20,2,1,56,77,75,448,49667
503,0,22:6e:45:de:34:20,HT,20,2,1,56,76,77,448,49667
504,0,22:6e:45:de:34:20,HT,20,2,1,56,82,82,448,49667
505,0,22:6e:45:de:34:20,HT,20,2,1,56,76,77,448,49667
506,0,22:6e:45:de:34:20,HT,20,2,1,56,76,76,448,49666
507,0,d4:3b:04:9a:7c:70,HT,20,2,2,56,69,72,896,49686
508,0,22:6e:45:de:34:20,HT,20,2,1,56,75,76,448,49666
509,0,22:6e:45:de:34:20,HT,20,2,1,56,74,76,448,49667
510,0,22:6e:45:de:34:20,HT,20,2,1,56,75,75,448,49667
511,0,22:6e:45:de:34:20,HT,20,2,1,56,75,74,448,49666
512,0,3a:8d:ef:b5:3b:fc,HT,20,2,1,56,66,70,448,49671
513,0,22:6e:45:de:34:20,HT,20,2,1,56,74,76,448,49667
514,0,22:6e:45:de:34:20,HT,20,2,1,56,74,76,448,49666
515,0,22:6e:45:de:34:20,HT,20,2,1,56,72,77,448,49666
516,0,22:6e:45:de:34:20,HT,20,2,1,56,72,77,448,49666
517,0,22:6e:45:de:34:20,HT,20,2,1,56,74,76,448,49667
518,0,22:6e:45:de:34:20,HT,20,2,1,56,74,75,448,49667
519,0,22:6e:45:de:34:20,HT,20,2,1,56,73,76,448,49667
520,0,22:6e:45:de:34:20,HT,20,2,1,56,74,76,448,49666
521,0,22:6e:45:de:34:20,HT,20,2,1,56,75,76,448,49666
522,0,22:6e:45:de:34:20,HT,20,2,1,56,73,78,448,49667
523,0,22:6e:45:de:34:20,HT,20,2,1,56,73,77,448,49666
524,0,22:6e:45:de:34:20,HT,20,2,1,56,73,77,448,49666
525,0,22:6e:45:de:34:20,HT,20,2,1,56,73,75,448,49666
526,0,22:6e:45:de:34:20,HT,20,2,1,56,74,76,448,49666
527,0,22:6e:45:de:34:20,HT,20,2,1,56,74,77,448,49667
528,0,22:6e:45:de:34:20,HT,20,2,1,56,74,77,448,49666
529,0,22:6e:45:de:34:20,HT,20,2,1,56,74,79,448,49667
530,0,22:6e:45:de:34:20,HT,20,2,1,56,73,79,448,49666
531,0,22:6e:45:de:34:20,HT,20,2,1,56,73,79,448,49666
532,0,22:6e:45:de:34:20,HT,20,2,1,56,75,78,448,49667
533,0,22:6e:45:de:34:20,HT,20,2,1,56,74,78,448,49666
534,0,22:6e:45:de:34:20,HT,20,2,1,56,73,75,448,49667
535,0,22:6e:45:de:34:20,HT,20,2,1,56,73,75,448,49666
536,0,22:6e:45:de:34:20,HT,20,2,1,56,73,75,448,49666
537,0,22:6e:45:de:34:20,HT,20,2,1,56,75,76,448,49667
538,0,22:6e:45:de:34:20,HT,20,2,1,56,74,77,448,49667
539,0,22:6e:45:de:34:20,HT,20,2,1,56,74,76,448,49666
540,0,22:6e:45:de:34:20,HT,20,2,1,56,73,75,448,49666
541,0,22:6e:45:de:34:20,HT,20,2,1,56,73,77,448,49668
542,0,22:6e:45:de:34:20,HT,20,2,1,56,73,76,448,49667
543,0,22:6e:45:de:34:20,HT,20,2,1,56,73,75,448,49666
544,0,22:6e:45:de:34:20,HT,20,2,1,56,72,75,448,49666
545,0,3a:8d:ef:b5:3b:fc,HT,20,2,1,56,67,71,448,49671
546,0,22:6e:45:de:34:20,HT,20,2,1,56,74,77,448,49668
547,0,22:6e:45:de:34:20,HT,20,2,1,56,74,76,448,49667
548,0,22:6e:45:de:34:20,HT,20,2,1,56,73,74,448,49667
549,0,22:6e:45:de:34:20,HT,20,2,1,56,73,74,448,49667
550,0,22:6e:45:de:34:20,HT,20,2,1,56,73,74,448,49666
551,0,22:6e:45:de:34:20,HT,20,2,1,56,74,74,448,49666
552,0,22:6e:45:de:34:20,HT,20,2,1,56,73,77,448,49667
553,0,22:6e:45:de:34:20,HT,20,2,1,56,73,78,448,49666
554,0,22:6e:45:de:34:20,HT,20,2,1,56,74,75,448,49666
555,0,22:6e:45:de:34:20,HT,20,2,1,56,73,73,448,49668
556,0,22:6e:45:de:34:20,HT,20,2,1,56,76,75,448,49667
557,0,22:6e:45:de:34:20,HT,20,2,1,56,75,75,448,49666
558,0,22:6e:45:de:34:20,HT,20,2,1,56,74,77,448,49667
559,0,22:6e:45:de:34:20,HT,20,2,1,56,74,77,448,49667
560,0,22:6e:45:de:34:20,HT,20,2,1,56,75,77,448,49667
561,0,22:6e:45:de:34:20,HT,20,2,1,56,75,75,448,49668
562,0,22:6e:45:de:34:20,HT,20,2,1,56,73,75,448,49667
563,0,22:6e:45:de:34:20,HT,20,2,1,56,74,75,448,49666
564,0,22:6e:45:de:34:20,HT,20,2,1,56,74,75,448,49666
565,0,22:6e:45:de:34:20,HT,20,2,1,56,75,80,448,49667
566,0,22:6e:45:de:34:20,HT,20,2,1,56,73,78,448,49666
567,0,22:6e:45:de:34:20,HT,20,2,1,56,74,79,448,49666
568,0,22:6e:45:de:34:20,HT,20,2,1,56,74,78,448,49666
569,0,22:6e:45:de:34:20,HT,20,2,1,56,75,74,448,49667
570,0,22:6e:45:de:34:20,HT,20,2,1,56,73,79,448,49667
571,0,22:6e:45:de:34:20,HT,20,2,1,56,74,76,448,49667
572,0,22:6e:45:de:34:20,HT,20,2,1,56,74,76,448,49666
573,0,22:6e:45:de:34:20,HT,20,2,1,56,74,78,448,49668
574,0,22:6e:45:de:34:20,HT,20,2,1,56,73,77,448,49667
575,0,22:6e:45:de:34:20,HT,20,2,1,56,73,77,448,49666
576,0,22:6e:45:de:34:20,HT,20,2,1,56,73,77,448,49666
577,0,22:6e:45:de:34:20,HT,20,2,1,56,73,77,448,49667
578,0,22:6e:45:de:34:20,HT,20,2,1,56,73,76,448,49666
579,0,22:6e:45:de:34:20,HT,20,2,1,56,72,77,448,49666
580,0,22:6e:45:de:34:20,HT,20,2,1,56,72,77,448,49667
581,0,22:6e:45:de:34:20,HT,20,2,1,56,72,77,448,49668
582,0,22:6e:45:de:34:20,HT,20,2,1,56,73,76,448,49667
583,0,22:6e:45:de:34:20,HT,20,2,1,56,73,76,448,49667
584,0,22:6e:45:de:34:20,HT,20,2,1,56,74,75,448,49667
585,0,22:6e:45:de:34:20,HT,20,2,1,56,72,77,448,49667
586,0,22:6e:45:de:34:20,HT,20,2,1,56,74,74,448,49666
587,0,22:6e:45:de:34:48,HT,20,2,1,56,75,73,448,49666
588,0,22:6e:45:de:34:20,HT,20,2,1,56,75,74,448,49666
589,0,22:6e:45:de:34:20,HT,20,2,1,56,73,78,448,49668
590,0,22:6e:45:de:34:20,HT,20,2,1,56,73,78,448,49667
591,0,22:6e:45:de:34:20,HT,20,2,1,56,74,79,448,49667
592,0,22:6e:45:de:34:20,HT,20,2,1,56,74,78,448,49667
593,0,22:6e:45:de:34:20,HT,20,2,1,56,74,76,448,49667
594,0,22:6e:45:de:34:20,HT,20,2,1,56,74,78,448,49667
595,0,22:6e:45:de:34:20,HT,20,2,1,56,74,77,448,49666
596,0,22:6e:45:de:34:20,HT,20,2,1,56,73,76,448,49666
597,0,22:6e:45:de:34:20,HT,20,2,1,56,74,78,448,49666
598,0,d4:3b:04:9a:7c:70,HT,20,2,1,56,73,71,448,180742
599,0,d4:3b:04:9a:7c:70,HT,20,2,1,56,73,71,448,180741
600,0,d4:3b:04:9a:7c:70,HT,20,2,1,56,74,71,448,180741
601,0,d4:3b:04:9a:7c:70,HT,20,2,1,56,74,71,448,180741
602,0,22:6e:45:de:34:20,HT,20,2,1,56,80,79,448,49667
603,0,22:6e:45:de:34:20,HT,20,2,1,56,76,77,448,49668
604,0,d4:3b:04:9a:7c:70,HT,20,2,1,56,72,71,448,180742
605,0,22:6e:45:de:34:20,HT,20,2,1,56,74,77,448,49667
606,0,d4:3b:04:9a:7c:70,HT,20,2,1,56,72,72,448,180742
607,0,22:6e:45:de:34:20,HT,20,2,1,56,74,76,448,49666
608,0,22:6e:45:de:34:20,HT,20,2,1,56,74,77,448,49666
609,0,22:6e:45:de:34:20,HT,20,2,1,56,76,75,448,49667
610,0,d4:3b:04:9a:7c:70,HT,20,2,1,56,72,72,448,180742
611,0,d4:3b:04:9a:7c:70,HT,20,2,1,56,72,71,448,180742
612,0,22:6e:45:de:34:20,HT,20,2,1,56,75,74,448,49667
613,0,22:6e:45:de:34:20,HT,20,2,1,56,74,74,448,49666
614,0,22:6e:45:de:34:20,HT,20,2,1,56,73,80,448,49667
615,0,22:6e:45:de:34:20,HT,20,2,1,56,73,79,448,49666
616,0,22:6e:45:de:34:20,HT,20,2,1,56,73,76,448,49667
617,0,22:6e:45:de:34:20,HT,20,2,1,56,73,76,448,49667
618,0,22:6e:45:de:34:20,HT,20,2,1,56,73,75,448,49666
619,0,22:6e:45:de:34:20,HT,20,2,1,56,73,76,448,49666
620,0,22:6e:45:de:34:20,HT,20,2,1,56,74,78,448,49666
621,0,22:6e:45:de:34:20,HT,20,2,1,56,74,76,448,49666
622,0,d4:3b:04:9a:7c:70,HT,20,2,1,56,73,72,448,180742
623,0,d4:3b:04:9a:7c:70,HT,20,2,1,56,71,72,448,180742
624,0,22:6e:45:de:34:20,HT,20,2,1,56,74,76,448,49667
625,0,d4:3b:04:9a:7c:70,HT,20,2,1,56,71,70,448,180740
626,0,22:6e:45:de:34:20,HT,20,2,1,56,75,77,448,49667
627,0,22:6e:45:de:34:20,HT,20,2,1,56,75,78,448,49667
628,0,22:6e:45:de:34:20,HT,20,2,1,56,75,77,448,49667
629,0,22:6e:45:de:34:20,HT,20,2,1,56,75,75,448,49667
630,0,22:6e:45:de:34:20,HT,20,2,1,56,74,77,448,49667
631,0,22:6e:45:de:34:20,HT,20,2,1,56,74,78,448,49667
632,0,22:6e:45:de:34:20,HT,20,2,1,56,75,74,448,49667
633,0,22:6e:45:de:34:20,HT,20,2,1,56,75,76,448,49667
634,0,22:6e:45:de:34:20,HT,20,2,1,56,74,75,448,49667
635,0,22:6e:45:de:34:20,HT,20,2,1,56,74,75,448,49666
636,0,22:6e:45:de:34:20,HT,20,2,1,56,74,79,448,49666
637,0,22:6e:45:de:34:20,HT,20,2,1,56,75,79,448,49667
638,0,d4:3b:04:9a:7c:70,HT,20,2,1,56,73,72,448,180741
639,0,d4:3b:04:9a:7c:70,HT,20,2,1,56,72,73,448,180741
640,0,d4:3b:04:9a:7c:70,HT,20,2,1,56,72,72,448,180741
641,0,d4:3b:04:9a:7c:70,HT,20,2,1,56,69,73,448,180741
642,0,d4:3b:04:9a:7c:70,HT,20,2,1,56,70,74,448,180741
643,0,d4:3b:04:9a:7c:70,HT,20,2,1,56,70,74,448,180741
644,0,d4:3b:04:9a:7c:70,HT,20,2,1,56,70,72,448,180741
645,0,d4:3b:04:9a:7c:70,HT,20,2,1,56,70,73,448,180741
646,0,d4:3b:04:9a:7c:70,HT,20,2,1,56,71,73,448,180741
647,0,d4:3b:04:9a:7c:70,HT,20,2,1,56,70,73,448,180740
648,0,d4:3b:04:9a:7c:70,HT,20,2,1,56,70,74,448,180740
649,0,d4:3b:04:9a:7c:70,HT,20,2,1,56,71,74,448,180740
650,0,d4:3b:04:9a:7c:70,HT,20,2,1,56,71,75,448,180741
651,0,22:6e:45:de:34:20,HT,20,2,1,56,75,75,448,49668
652,0,d4:3b:04:9a:7c:70,HT,20,2,1,56,70,72,448,180741
653,0,d4:3b:04:9a:7c:70,HT,20,2,1,56,71,72,448,180741
654,0,22:6e:45:de:34:20,HT,20,2,1,56,75,76,448,49667
655,0,22:6e:45:de:34:20,HT,20,2,1,56,74,76,448,49666
656,0,22:6e:45:de:34:20,HT,20,2,1,56,74,78,448,49666
657,0,22:6e:45:de:34:20,HT,20,2,1,56,74,76,448,49668
658,0,22:6e:45:de:34:20,HT,20,2,1,56,73,76,448,49667
659,0,22:6e:45:de:34:20,HT,20,2,1,56,74,76,448,49666
660,0,22:6e:45:de:34:20,HT,20,2,1,56,73,76,448,49666
661,0,22:6e:45:de:34:20,HT,20,2,1,56,74,77,448,49667
662,0,22:6e:45:de:34:20,HT,20,2,1,56,74,75,448,49667
663,0,22:6e:45:de:34:20,HT,20,2,1,56,75,80,448,49667
664,0,22:6e:45:de:34:20,HT,20,2,1,56,73,79,448,49666
665,0,22:6e:45:de:34:20,HT,20,2,1,56,75,80,448,49667
666,0,d4:3b:04:9a:7c:70,HT,20,2,1,56,72,73,448,180740
667,0,22:6e:45:de:34:20,HT,20,2,1,56,75,75,448,49667
668,0,22:6e:45:de:34:20,HT,20,2,1,56,75,74,448,49667
669,0,22:6e:45:de:34:20,HT,20,2,1,56,75,75,448,49667
670,0,22:6e:45:de:34:20,HT,20,2,1,56,73,78,448,49667
671,0,22:6e:45:de:34:20,HT,20,2,1,56,73,77,448,49666
672,0,22:6e:45:de:34:20,HT,20,2,1,56,73,77,448,49666
673,0,3a:8d:ef:b5:3b:fc,HT,20,2,1,56,67,73,448,49671
674,0,22:6e:45:de:34:20,HT,20,2,1,56,74,76,448,49666
675,0,22:6e:45:de:34:20,HT,20,2,1,56,75,76,448,49667
676,0,22:6e:45:de:34:20,HT,20,2,1,56,75,77,448,49667
677,0,22:6e:45:de:34:20,HT,20,2,1,56,74,77,448,49666
678,0,22:6e:45:de:34:20,HT,20,2,1,56,75,77,448,49666
679,0,22:6e:45:de:34:20,HT,20,2,1,56,75,78,448,49667
680,0,d4:3b:04:9a:7c:70,HT,20,2,1,56,71,70,448,180742
681,0,3a:8d:ef:b5:3b:fc,HT,20,2,1,56,68,69,448,49671
682,0,3a:8d:ef:b5:3b:fc,HT,20,2,1,56,67,69,448,49671
683,0,3a:8d:ef:b5:3b:fc,HT,20,2,1,56,67,69,448,49671
684,0,22:6e:45:de:34:20,HT,20,2,1,56,74,77,448,49668
685,0,d4:3b:04:9a:7c:70,HT,20,2,1,56,69,74,448,180741
686,0,22:6e:45:de:34:20,HT,20,2,1,56,74,76,448,49667
687,0,22:6e:45:de:34:20,HT,20,2,1,56,74,76,448,49667
688,0,22:6e:45:de:34:20,HT,20,2,1,56,74,78,448,49668
689,0,22:6e:45:de:34:20,HT,20,2,1,56,74,76,448,49667
690,0,22:6e:45:de:34:20,HT,20,2,1,56,74,76,448,49666
691,0,22:6e:45:de:34:20,HT,20,2,1,56,73,74,448,49667
692,0,3a:8d:ef:b5:3b:fc,HT,20,2,1,56,68,69,448,49671
693,0,22:6e:45:de:34:20,HT,20,2,1,56,74,77,448,49667
694,0,22:6e:45:de:34:20,HT,20,2,1,56,74,76,448,49667
695,0,22:6e:45:de:34:20,HT,20,2,1,56,73,75,448,49666
696,0,3a:8d:ef:b5:3b:fc,HT,20,2,1,56,67,69,448,49671
697,0,3a:8d:ef:b5:3b:fc,HT,20,2,1,56,66,69,448,49671
698,0,3a:8d:ef:b5:3b:fc,HT,20,2,1,56,66,69,448,49671
699,0,3a:8d:ef:b5:3b:fc,HT,20,2,1,56,67,70,448,49671
700,0,3a:8d:ef:b5:3b:fc,HT,20,2,1,56,68,71,448,49671
701,0,3a:8d:ef:b5:3b:fc,HT,20,2,1,56,69,72,448,49671
702,0,3a:8d:ef:b5:3b:fc,HT,20,2,1,56,68,72,448,49669
703,0,3a:8d:ef:b5:3b:fc,HT,20,2,1,56,69,71,448,49671
704,0,22:6e:45:de:34:20,HT,20,2,1,56,74,76,448,49667
705,0,22:6e:45:de:34:20,HT,20,2,1,56,74,75,448,49666
706,0,22:6e:45:de:34:20,HT,20,2,1,56,73,76,448,49667
707,0,3a:8d:ef:b5:3b:fc,HT,20,2,1,56,69,71,448,49671
708,0,3a:8d:ef:b5:3b:fc,HT,20,2,1,56,68,72,448,49671
709,0,3a:8d:ef:b5:3b:fc,HT,20,2,1,56,69,71,448,49671
710,0,22:6e:45:de:34:20,HT,20,2,1,56,73,77,448,49668
711,0,22:6e:45:de:34:20,HT,20,2,1,56,72,77,448,49667
712,0,3a:8d:ef:b5:3b:fc,HT,20,2,1,56,69,73,448,49669
713,0,3a:8d:ef:b5:3b:fc,HT,20,2,1,56,67,71,448,49671
714,0,3a:8d:ef:b5:3b:fc,HT,20,2,1,56,67,71,448,49671
715,0,3a:8d:ef:b5:3b:fc,HT,20,2,1,56,68,70,448,49671
716,0,3a:8d:ef:b5:3b:fc,HT,20,2,1,56,68,70,448,49671
717,0,3a:8d:ef:b5:3b:fc,HT,20,2,1,56,67,71,448,49671
718,0,3a:8d:ef:b5:3b:fc,HT,20,2,1,56,67,69,448,49671
719,0,3a:8d:ef:b5:3b:fc,HT,20,2,1,56,67,71,448,49669
720,0,d4:3b:04:9a:7c:70,HT,20,2,1,56,73,75,448,180740
721,0,68:72:51:58:79:97,HT,20,2,1,56,76,80,448,180740
722,0,68:72:51:58:79:97,HT,20,2,1,56,77,80,448,180740
723,0,68:72:51:58:79:97,HT,20,2,1,56,76,79,448,180740
724,0,68:72:51:58:79:97,HT,20,2,1,56,78,81,448,180739
725,0,d4:3b:04:9a:7c:70,HT,20,2,1,56,73,72,448,180740
726,0,22:6e:45:de:34:20,HT,20,2,1,56,74,79,448,49667
727,0,22:6e:45:de:34:20,HT,20,2,1,56,72,77,448,49666
728,0,3a:8d:ef:b5:3b:fc,HT,20,2,1,56,68,73,448,49671
729,0,3a:8d:ef:b5:3b:fc,HT,20,2,1,56,69,72,448,49667
730,0,3a:8d:ef:b5:3b:fc,HT,20,2,1,56,69,72,448,49671
731,0,d2:eb:c2:e1:ba:12,HT,20,2,1,56,69,73,448,49667
732,0,3a:8d:ef:b5:3b:fc,HT,20,2,1,56,67,72,448,49671
733,0,3a:8d:ef:b5:3b:fc,HT,20,2,1,56,68,70,448,49671
734,0,3a:8d:ef:b5:3b:fc,HT,20,2,1,56,68,69,448,49669
735,0,68:72:51:58:79:97,HT,20,2,1,56,77,80,448,180741
736,0,3a:8d:ef:b5:3b:fc,HT,20,2,1,56,68,69,448,49671
737,0,3a:8d:ef:b5:3b:fc,HT,20,2,1,56,68,70,448,49671
738,0,3a:8d:ef:b5:3b:fc,HT,20,2,1,56,68,69,448,49669
739,0,3a:8d:ef:b5:3b:fc,HT,20,2,1,56,69,70,448,49671
740,0,3a:8d:ef:b5:3b:fc,HT,20,2,1,56,69,69,448,49671
741,0,3a:8d:ef:b5:3b:fc,HT,20,2,1,56,67,68,448,49671
742,0,3a:8d:ef:b5:3b:fc,HT,20,2,1,56,67,68,448,49671
743,0,3a:8d:ef:b5:3b:fc,HT,20,2,1,56,68,71,448,49671
744,0,3a:8d:ef:b5:3b:fc,HT,20,2,1,56,67,70,448,49669
745,0,3a:8d:ef:b5:3b:fc,HT,20,2,1,56,67,71,448,49671
746,0,3a:8d:ef:b5:3b:fc,HT,20,2,1,56,67,70,448,49671
747,0,3a:8d:ef:b5:3b:fc,HT,20,2,1,56,68,71,448,49671
748,0,3a:8d:ef:b5:3b:fc,HT,20,2,1,56,68,71,448,49671
749,0,3a:8d:ef:b5:3b:fc,HT,20,2,1,56,68,73,448,49671
750,0,3a:8d:ef:b5:3b:fc,HT,20,2,1,56,68,73,448,49671
751,0,22:6e:45:de:34:20,HT,20,2,1,56,74,75,448,49667
752,0,3a:8d:ef:b5:3b:fc,HT,20,2,1,56,67,73,448,49671
753,0,3a:8d:ef:b5:3b:fc,HT,20,2,1,56,68,73,448,49671
754,0,3a:8d:ef:b5:3b:fc,HT,20,2,1,56,67,72,448,49669
755,0,22:6e:45:de:34:20,HT,20,2,1,56,74,76,448,49667
756,0,3a:8d:ef:b5:3b:fc,HT,20,2,1,56,68,72,448,49669
757,0,3a:8d:ef:b5:3b:fc,HT,20,2,1,56,67,72,448,49669
758,0,3a:8d:ef:b5:3b:fc,HT,20,2,1,56,69,71,448,49669
759,0,3a:8d:ef:b5:3b:fc,HT,20,2,1,56,69,70,448,49667
760,0,3a:8d:ef:b5:3b:fc,HT,20,2,1,56,69,72,448,49671
761,0,3a:8d:ef:b5:3b:fc,HT,20,2,1,56,70,72,448,49671
762,0,3a:8d:ef:b5:3b:fc,HT,20,2,1,56,70,73,448,49671
763,0,3a:8d:ef:b5:3b:fc,HT,20,2,1,56,69,74,448,49671
764,0,3a:8d:ef:b5:3b:fc,HT,20,2,1,56,69,74,448,49671
765,0,3a:8d:ef:b5:3b:fc,HT,20,2,1,56,67,74,448,49671
766,0,3a:8d:ef:b5:3b:fc,HT,20,2,1,56,68,74,448,49671
767,0,3a:8d:ef:b5:3b:fc,HT,20,2,1,56,67,73,448,49671
768,0,3a:8d:ef:b5:3b:fc,HT,20,2,1,56,67,72,448,49671
769,0,3a:8d:ef:b5:3b:fc,HT,20,2,1,56,67,71,448,49671
770,0,3a:8d:ef:b5:3b:fc,HT,20,2,1,56,68,71,448,49671
771,0,3a:8d:ef:b5:3b:fc,HT,20,2,1,56,68,71,448,49671
772,0,d4:3b:04:9a:7c:70,HT,20,2,1,56,73,73,448,180740
773,0,d4:3b:04:9a:7c:70,HT,20,2,1,56,72,74,448,180740
774,0,d4:3b:04:9a:7c:70,HT,20,2,1,56,71,74,448,180740
775,0,68:72:51:58:79:97,HT,20,2,1,56,78,79,448,180739
776,0,3a:8d:ef:b5:3b:fc,HT,20,2,1,56,67,70,448,49671
777,0,3a:8d:ef:b5:3b:fc,HT,20,2,1,56,67,69,448,49671
778,0,3a:8d:ef:b5:3b:fc,HT,20,2,1,56,67,69,448,49671
779,0,3a:8d:ef:b5:3b:fc,HT,20,2,1,56,68,70,448,49671
780,0,3a:8d:ef:b5:3b:fc,HT,20,2,1,56,68,70,448,49671
781,0,3a:8d:ef:b5:3b:fc,HT,20,2,1,56,69,71,448,49671
782,0,3a:8d:ef:b5:3b:fc,HT,20,2,1,56,69,71,448,49669
783,0,3a:8d:ef:b5:3b:fc,HT,20,2,1,56,69,71,448,49669
784,0,3a:8d:ef:b5:3b:fc,HT,20,2,1,56,69,71,448,49671
785,0,3a:8d:ef:b5:3b:fc,HT,20,2,1,56,69,72,448,49671
786,0,3a:8d:ef:b5:3b:fc,HT,20,2,1,56,69,73,448,49669
787,0,3a:8d:ef:b5:3b:fc,HT,20,2,1,56,69,73,448,49669
788,0,3a:8d:ef:b5:3b:fc,HT,20,2,1,56,68,73,448,49667
789,0,3a:8d:ef:b5:3b:fc,HT,20,2,1,56,68,73,448,49667
790,0,3a:8d:ef:b5:3b:fc,HT,20,2,1,56,68,73,448,49665
791,0,22:6e:45:de:34:20,HT,20,2,1,56,73,75,448,49668
792,0,68:72:51:58:79:97,HT,20,2,1,56,79,81,448,180739
793,0,3a:8d:ef:b5:3b:fc,HT,20,2,1,56,69,73,448,49671
794,0,3a:8d:ef:b5:3b:fc,HT,20,2,1,56,67,71,448,49671
795,0,3a:8d:ef:b5:3b:fc,HT,20,2,1,56,67,71,448,49671
796,0,3a:8d:ef:b5:3b:fc,HT,20,2,1,56,67,70,448,49671
797,0,3a:8d:ef:b5:3b:fc,HT,20,2,1,56,67,71,448,49671
798,0,3a:8d:ef:b5:3b:fc,HT,20,2,1,56,67,70,448,49671
799,0,3a:8d:ef:b5:3b:fc,HT,20,2,1,56,67,70,448,49669
800,0,3a:8d:ef:b5:3b:fc,HT,20,2,1,56,67,71,448,49671
801,0,22:6e:45:de:34:20,HT,20,2,1,56,72,77,448,49667
802,0,3a:8d:ef:b5:3b:fc,HT,20,2,1,56,68,72,448,49671
803,0,3a:8d:ef:b5:3b:fc,HT,20,2,1,56,68,72,448,49669
804,0,3a:8d:ef:b5:3b:fc,HT,20,2,1,56,68,73,448,49669
805,0,3a:8d:ef:b5:3b:fc,HT,20,2,1,56,68,73,448,49667
806,0,3a:8d:ef:b5:3b:fc,HT,20,2,1,56,69,73,448,49667
807,0,3a:8d:ef:b5:3b:fc,HT,20,2,1,56,68,73,448,49665
808,0,3a:8d:ef:b5:3b:fc,HT,20,2,1,56,69,73,448,49671
809,0,d4:3b:04:9a:7c:70,HT,20,2,1,56,73,73,448,180742
810,0,3a:8d:ef:b5:3b:fc,HT,20,2,1,56,67,72,448,49671
811,0,3a:8d:ef:b5:3b:fc,HT,20,2,1,56,66,72,448,49669
812,0,22:6e:45:de:34:20,HT,20,2,1,56,73,82,448,49667
813,0,d4:3b:04:9a:7c:70,HT,20,2,1,56,74,75,448,180742
814,0,d4:3b:04:9a:7c:70,HT,20,2,1,56,75,74,448,180742
815,0,68:72:51:58:79:97,HT,20,2,1,56,76,79,448,180739
816,0,3a:8d:ef:b5:3b:fc,HT,20,2,1,56,68,68,448,49671
817,0,3a:8d:ef:b5:3b:fc,HT,20,2,1,56,67,68,448,49671
818,0,3a:8d:ef:b5:3b:fc,HT,20,2,1,56,67,68,448,49671
819,0,3a:8d:ef:b5:3b:fc,HT,20,2,1,56,67,68,448,49671
820,0,3a:8d:ef:b5:3b:fc,HT,20,2,1,56,68,68,448,49671
821,0,3a:8d:ef:b5:3b:fc,HT,20,2,1,56,67,74,448,49671
822,0,22:6e:45:de:34:20,HT,20,2,1,56,73,79,448,49668
823,0,22:6e:45:de:34:20,HT,20,2,1,56,74,79,448,49667
824,0,3a:8d:ef:b5:3b:fc,HT,20,2,1,56,67,73,448,49671
825,0,3a:8d:ef:b5:3b:fc,HT,20,2,1,56,67,72,448,49671
826,0,3a:8d:ef:b5:3b:fc,HT,20,2,1,56,67,72,448,49671
827,0,3a:8d:ef:b5:3b:fc,HT,20,2,1,56,67,71,448,49671
828,0,3a:8d:ef:b5:3b:fc,HT,20,2,1,56,67,71,448,49669
829,0,3a:8d:ef:b5:3b:fc,HT,20,2,1,56,67,71,448,49669
830,0,3a:8d:ef:b5:3b:fc,HT,20,2,1,56,67,68,448,49671
831,0,22:6e:45:de:34:20,HT,20,2,1,56,75,80,448,49667
832,0,22:6e:45:de:34:20,HT,20,2,1,56,73,76,448,49666
833,0,22:6e:45:de:34:20,HT,20,2,1,56,73,76,448,49666
834,0,22:6e:45:de:34:20,HT,20,2,1,56,74,76,448,49667
835,0,3a:8d:ef:b5:3b:fc,HT,20,2,1,56,69,72,448,49669
836,0,3a:8d:ef:b5:3b:fc,HT,20,2,1,56,69,72,448,49669
837,0,3a:8d:ef:b5:3b:fc,HT,20,2,1,56,70,73,448,49671
838,0,d4:3b:04:9a:7c:70,HT,20,2,1,56,73,71,448,180742
839,0,3a:8d:ef:b5:3b:fc,HT,20,2,1,56,68,73,448,49671
840,0,3a:8d:ef:b5:3b:fc,HT,20,2,1,56,69,72,448,49671
841,0,3a:8d:ef:b5:3b:fc,HT,20,2,1,56,69,72,448,49669
842,0,3a:8d:ef:b5:3b:fc,HT,20,2,1,56,69,72,448,49669
843,0,3a:8d:ef:b5:3b:fc,HT,20,2,1,56,68,73,448,49671
844,0,3a:8d:ef:b5:3b:fc,HT,20,2,1,56,68,72,448,49671
845,0,22:6e:45:de:34:20,HT,20,2,1,56,74,75,448,49667
846,0,3a:8d:ef:b5:3b:fc,HT,20,2,1,56,68,70,448,49671
847,0,3a:8d:ef:b5:3b:fc,HT,20,2,1,56,67,70,448,49671
848,0,3a:8d:ef:b5:3b:fc,HT,20,2,1,56,68,70,448,49671
849,0,3a:8d:ef:b5:3b:fc,HT,20,2,1,56,68,69,448,49671
850,0,3a:8d:ef:b5:3b:fc,HT,20,2,1,56,68,69,448,49671
851,0,3a:8d:ef:b5:3b:fc,HT,20,2,1,56,68,69,448,49669
852,0,3a:8d:ef:b5:3b:fc,HT,20,2,1,56,67,69,448,49669
853,0,3a:8d:ef:b5:3b:fc,HT,20,2,1,56,67,69,448,49667
854,0,3a:8d:ef:b5:3b:fc,HT,20,2,1,56,68,69,448,49671
855,0,3a:8d:ef:b5:3b:fc,HT,20,2,1,56,68,68,448,49669
856,0,22:6e:45:de:34:20,HT,20,2,1,56,75,76,448,49667
857,0,3a:8d:ef:b5:3b:fc,HT,20,2,1,56,70,73,448,49671
858,0,3a:8d:ef:b5:3b:fc,HT,20,2,1,56,70,73,448,49671
859,0,3a:8d:ef:b5:3b:fc,HT,20,2,1,56,69,75,448,49671
860,0,d4:3b:04:9a:7c:70,HT,20,2,1,56,73,73,448,180742
861,0,3a:8d:ef:b5:3b:fc,HT,20,2,1,56,68,74,448,49669
862,0,3a:8d:ef:b5:3b:fc,HT,20,2,1,56,67,73,448,49671
863,0,3a:8d:ef:b5:3b:fc,HT,20,2,1,56,67,73,448,49671
864,0,3a:8d:ef:b5:3b:fc,HT,20,2,1,56,68,72,448,49669
865,0,3a:8d:ef:b5:3b:fc,HT,20,2,1,56,68,72,448,49671
866,0,3a:8d:ef:b5:3b:fc,HT,20,2,1,56,68,69,448,49669
867,0,22:6e:c5:01:c1:23,HT,20,2,1,56,74,74,448,49666
868,0,22:6e:45:de:34:20,HT,20,2,1,56,74,77,448,49666
869,0,22:6e:45:de:34:20,HT,20,2,1,56,74,77,448,49666
870,0,22:6e:45:de:34:20,HT,20,2,2,56,74,75,896,49682
871,0,22:6e:45:de:34:20,HT,20,2,2,56,73,78,896,49682
872,0,22:6e:45:de:34:20,HT,20,2,2,56,74,79,896,49682
873,0,22:6e:45:de:34:20,HT,20,2,2,56,73,77,896,49681
874,0,22:6e:45:de:34:20,HT,20,2,2,56,74,77,896,49680
875,0,3a:8d:ef:b5:3b:fc,HT,20,2,1,56,69,74,448,49671
876,0,3a:8d:ef:b5:3b:fc,HT,20,2,1,56,69,75,448,49671
877,0,22:6e:45:de:34:20,HT,20,2,2,56,75,75,896,49681
878,0,3a:8d:ef:b5:3b:fc,HT,20,2,1,56,67,73,448,49671
879,0,3a:8d:ef:b5:3b:fc,HT,20,2,1,56,67,72,448,49671
880,0,3a:8d:ef:b5:3b:fc,HT,20,2,1,56,67,72,448,49671
881,0,3a:8d:ef:b5:3b:fc,HT,20,2,1,56,67,72,448,49671
882,0,3a:8d:ef:b5:3b:fc,HT,20,2,1,56,67,71,448,49671
883,0,3a:8d:ef:b5:3b:fc,HT,20,2,1,56,67,71,448,49671
884,0,3a:8d:ef:b5:3b:fc,HT,20,2,1,56,67,71,448,49669
885,0,3a:8d:ef:b5:3b:fc,HT,20,2,1,56,68,69,448,49669
886,0,3a:8d:ef:b5:3b:fc,HT,20,2,1,56,68,69,448,49671
887,0,3a:8d:ef:b5:3b:fc,HT,20,2,1,56,68,69,448,49671
888,0,22:6e:45:de:34:20,HT,20,2,2,56,74,75,896,49682
889,0,22:6e:45:de:34:20,HT,20,2,2,56,74,76,896,49684
890,0,22:6e:45:de:34:20,HT,20,2,2,56,75,75,896,49682
891,0,22:6e:45:de:34:20,HT,20,2,2,56,74,81,896,49681
892,0,22:6e:45:de:34:20,HT,20,2,2,56,72,81,896,49680
893,0,22:6e:45:de:34:20,HT,20,2,2,56,73,79,896,49682
894,0,22:6e:45:de:34:20,HT,20,2,2,56,74,79,896,49681
895,0,22:6e:45:de:34:20,HT,20,2,2,56,74,77,896,49682
896,0,22:6e:45:de:34:20,HT,20,2,2,56,72,78,896,49682
897,0,22:6e:45:de:34:20,HT,20,2,2,56,74,77,896,49682
898,0,3a:8d:ef:b5:3b:fc,HT,20,2,1,56,67,68,448,49671
899,0,3a:8d:ef:b5:3b:fc,HT,20,2,1,56,67,68,448,49671
900,0,3a:8d:ef:b5:3b:fc,HT,20,2,1,56,67,68,448,49671
901,0,3a:8d:ef:b5:3b:fc,HT,20,2,1,56,67,68,448,49671
902,0,3a:8d:ef:b5:3b:fc,HT,20,2,1,56,68,69,448,49671
903,0,d4:3b:04:9a:7c:70,HT,20,2,1,56,74,72,448,180742
904,0,d4:3b:04:9a:7c:70,HT,20,2,1,56,75,72,448,180741
905,0,d4:3b:04:9a:7c:70,HT,20,2,1,56,71,70,448,180742
906,0,d4:3b:04:9a:7c:70,HT,20,2,1,56,72,69,448,180742
907,0,d4:3b:04:9a:7c:70,HT,20,2,1,56,72,70,448,180742
908,0,d4:3b:04:9a:7c:70,HT,20,2,1,56,70,70,448,180742
909,0,d4:3b:04:9a:7c:70,HT,20,2,1,56,72,73,448,180741
910,0,d4:3b:04:9a:7c:70,HT,20,2,1,56,71,73,448,180741
911,0,d4:3b:04:9a:7c:70,HT,20,2,1,56,70,74,448,180741
912,0,d4:3b:04:9a:7c:70,HT,20,2,1,56,69,74,448,180741
913,0,d4:3b:04:9a:7c:70,HT,20,2,1,56,73,71,448,180741
914,0,d4:3b:04:9a:7c:70,HT,20,2,1,56,72,71,448,180741
915,0,d4:3b:04:9a:7c:70,HT,20,2,1,56,73,72,448,180741
916,0,d4:3b:04:9a:7c:70,HT,20,2,1,56,72,71,448,180741
917,0,d4:3b:04:9a:7c:70,HT,20,2,1,56,72,71,448,180741
918,0,d4:3b:04:9a:7c:70,HT,20,2,1,56,72,73,448,180741
919,0,d4:3b:04:9a:7c:70,HT,20,2,1,56,72,74,448,180741
920,0,d4:3b:04:9a:7c:70,HT,20,2,1,56,72,74,448,180741
921,0,d4:3b:04:9a:7c:70,HT,20,2,1,56,72,73,448,180741
922,0,d4:3b:04:9a:7c:70,HT,20,2,1,56,72,73,448,180741
923,0,d4:3b:04:9a:7c:70,HT,20,2,1,56,73,72,448,180740
924,0,d4:3b:04:9a:7c:70,HT,20,2,1,56,73,72,448,180741
925,0,d4:3b:04:9a:7c:70,HT,20,2,1,56,73,72,448,180741
926,0,d4:3b:04:9a:7c:70,HT,20,2,1,56,72,73,448,180741
927,0,d4:3b:04:9a:7c:70,HT,20,2,1,56,73,72,448,180741
928,0,3a:8d:ef:b5:3b:fc,HT,20,2,1,56,68,70,448,49671
929,0,22:6e:45:de:34:20,HT,20,2,2,56,73,76,896,49682
930,0,3a:8d:ef:b5:3b:fc,HT,20,2,1,56,69,70,448,49671
931,0,3a:8d:ef:b5:3b:fc,HT,20,2,1,56,69,70,448,49671
932,0,d4:3b:04:9a:7c:70,HT,20,2,1,56,73,70,448,180740
933,0,d4:3b:04:9a:7c:70,HT,20,2,1,56,73,71,448,180740
934,0,d4:3b:04:9a:7c:70,HT,20,2,1,56,73,71,448,180740
935,0,22:6e:45:de:34:20,HT,20,2,2,56,73,75,896,49681
936,0,d4:3b:04:9a:7c:70,HT,20,2,1,56,72,73,448,180739
937,0,d4:3b:04:9a:7c:70,HT,20,2,1,56,72,73,448,180740
938,0,d4:3b:04:9a:7c:70,HT,20,2,1,56,71,71,448,180740
939,0,d4:3b:04:9a:7c:70,HT,20,2,1,56,73,73,448,180740
940,0,d4:3b:04:9a:7c:70,HT,20,2,1,56,74,72,448,180740
941,0,d4:3b:04:9a:7c:70,HT,20,2,1,56,75,72,448,180740
942,0,3a:8d:ef:b5:3b:fc,HT,20,2,1,56,69,72,448,49671
943,0,d4:3b:04:9a:7c:70,HT,20,2,1,56,74,75,448,180740
944,0,d4:3b:04:9a:7c:70,HT,20,2,1,56,74,76,448,180739
945,0,d4:3b:04:9a:7c:70,HT,20,2,1,56,73,75,448,180739
946,0,d4:3b:04:9a:7c:70,HT,20,2,1,56,72,73,448,180739
947,0,3a:8d:ef:b5:3b:fc,HT,20,2,1,56,67,70,448,49671
948,0,3a:8d:ef:b5:3b:fc,HT,20,2,1,56,68,71,448,49671
949,0,3a:8d:ef:b5:3b:fc,HT,20,2,1,56,68,69,448,49671
950,0,22:6e:45:de:34:20,HT,20,2,2,56,75,77,896,49680
951,0,3a:8d:ef:b5:3b:fc,HT,20,2,1,56,69,74,448,49671
952,0,3a:8d:ef:b5:3b:fc,HT,20,2,1,56,68,73,448,49669
953,0,3a:8d:ef:b5:3b:fc,HT,20,2,1,56,68,73,448,49669
954,0,3a:8d:ef:b5:3b:fc,HT,20,2,1,56,68,73,448,49667
955,0,3a:8d:ef:b5:3b:fc,HT,20,2,1,56,68,73,448,49667
956,0,d4:3b:04:9a:7c:70,HT,20,2,1,56,73,72,448,180740
957,0,d4:3b:04:9a:7c:70,HT,20,2,1,56,71,73,448,180740
958,0,3a:8d:ef:b5:3b:fc,HT,20,2,1,56,68,72,448,49671
959,0,54:93:9c:c2:43:a2,HT,20,2,1,56,71,73,448,180740
960,0,d4:3b:04:9a:7c:70,HT,20,2,1,56,69,73,448,180740
961,0,3a:8d:ef:b5:3b:fc,HT,20,2,1,56,71,75,448,49671
962,0,d4:3b:04:9a:7c:70,HT,20,2,1,56,72,74,448,180742
963,0,d4:3b:04:9a:7c:70,HT,20,2,1,56,73,73,448,180741
964,0,22:6e:45:de:34:20,HT,20,2,2,56,74,78,896,49680
965,0,d4:3b:04:9a:7c:70,HT,20,2,1,56,73,74,448,180741
966,0,22:6e:45:de:34:20,HT,20,2,2,56,73,78,896,49682
967,0,d4:3b:04:9a:7c:70,HT,20,2,1,56,71,70,448,180742
968,0,d4:3b:04:9a:7c:70,HT,20,2,1,56,71,72,448,180742
969,0,22:6e:45:de:34:20,HT,20,2,2,56,73,77,896,49680
970,0,d4:3b:04:9a:7c:70,HT,20,2,1,56,69,74,448,180742
971,0,d4:3b:04:9a:7c:70,HT,20,2,1,56,69,74,448,180742
972,0,22:6e:45:de:34:20,HT,20,2,2,56,73,78,896,49682
973,0,d4:3b:04:9a:7c:70,HT,20,2,1,56,72,73,448,180741
974,0,22:6e:45:de:34:20,HT,20,2,2,56,74,77,896,49682
975,0,d4:3b:04:9a:7c:70,HT,20,2,1,56,72,72,448,180742
976,0,22:6e:45:de:34:20,HT,20,2,2,56,74,75,896,49680
977,0,22:6e:45:de:34:20,HT,20,2,1,56,73,75,448,49664
978,0,22:6e:45:de:34:20,HT,20,2,2,56,74,75,896,49680
979,0,22:6e:45:de:34:20,HT,20,2,2,56,73,76,896,49680
980,0,3a:8d:ef:b5:3b:fc,HT,20,2,1,56,69,71,448,49671
981,0,3a:8d:ef:b5:3b:fc,HT,20,2,1,56,68,71,448,49671
982,0,22:6e:45:de:34:20,HT,20,2,2,56,74,75,896,49681
983,0,22:6e:45:de:34:20,HT,20,2,2,56,76,76,896,49681
984,0,d4:3b:04:9a:7c:70,HT,20,2,1,56,72,74,448,180741
985,0,d4:3b:04:9a:7c:70,HT,20,2,1,56,74,73,448,180742
986,0,d4:3b:04:9a:7c:70,HT,20,2,1,56,72,74,448,180742
987,0,d4:3b:04:9a:7c:70,HT,20,2,1,56,70,74,448,180742
988,0,d4:3b:04:9a:7c:70,HT,20,2,1,56,70,74,448,180742
989,0,d4:3b:04:9a:7c:70,HT,20,2,1,56,70,74,448,180742
990,0,22:6e:45:de:34:20,HT,20,2,2,56,74,77,896,49680
991,0,22:6e:45:de:34:20,HT,20,2,2,56,75,79,896,49680
992,0,22:6e:45:de:34:20,HT,20,2,1,56,74,81,448,49664
993,0,d4:3b:04:9a:7c:70,HT,20,2,1,56,73,74,448,180741
994,0,d4:3b:04:9a:7c:70,HT,20,2,1,56,73,74,448,180741
995,0,22:6e:45:de:34:20,HT,20,2,2,56,74,78,896,49680
996,0,d4:3b:04:9a:7c:70,HT,20,2,1,56,73,72,448,180742
997,0,3a:8d:ef:b5:3b:fc,HT,20,2,1,56,68,71,448,49671
998,0,22:6e:45:de:34:20,HT,20,2,1,56,73,79,448,49664
999,0,22:6e:45:de:34:20,HT,20,2,2,56,73,79,896,49681
1000,0,3a:8d:ef:b5:3b:fc,HT,20,2,1,56,68,70,448,49671
1001,0,22:6e:45:de:34:20,HT,20,2,2,56,73,79,896,49681
1002,0,d4:3b:04:9a:7c:70,HT,20,2,1,56,72,72,448,180741
1003,0,d4:3b:04:9a:7c:70,HT,20,2,1,56,70,72,448,180742
1004,0,3a:8d:ef:b5:3b:fc,HT,20,2,1,56,68,68,448,49671
1005,0,3a:8d:ef:b5:3b:fc,HT,20,2,1,56,68,69,448,49671
1006,0,d4:3b:04:9a:7c:70,HT,20,2,1,56,71,71,448,180741
1007,0,d4:3b:04:9a:7c:70,HT,20,2,1,56,71,70,448,180741
1008,0,d4:3b:04:9a:7c:70,HT,20,2,1,56,73,76,448,180742
1009,0,d4:3b:04:9a:7c:70,HT,20,2,1,56,73,76,448,180742
1010,0,d4:3b:04:9a:7c:70,HT,20,2,1,56,72,76,448,180742
1011,0,22:6e:45:de:34:20,HT,20,2,1,56,73,80,448,49664
1012,0,d4:3b:04:9a:7c:70,HT,20,2,1,56,72,71,448,180743
1013,0,3a:8d:ef:b5:3b:fc,HT,20,2,1,56,66,72,448,49671
1014,0,22:6e:45:de:34:20,HT,20,2,2,56,75,76,896,49680
1015,0,22:6e:45:de:34:20,HT,20,2,2,56,74,76,896,49681
1016,0,22:6e:45:de:34:20,HT,20,2,2,56,73,77,896,49681
1017,0,3a:8d:ef:b5:3b:fc,HT,20,2,1,56,67,68,448,49671
1018,0,3a:8d:ef:b5:3b:fc,HT,20,2,1,56,67,68,448,49671
1019,0,d4:3b:04:9a:7c:70,HT,20,2,1,56,70,70,448,180743
1020,0,d4:3b:04:9a:7c:70,HT,20,2,1,56,73,69,448,180743
1021,0,d4:3b:04:9a:7c:70,HT,20,2,1,56,73,69,448,180743
1022,0,22:6e:45:de:34:20,HT,20,2,2,56,76,77,896,49680
1023,0,22:6e:45:de:34:20,HT,20,2,2,56,75,77,896,49680
1024,0,22:6e:45:de:34:20,HT,20,2,2,56,74,79,896,49681
1025,0,22:6e:45:de:34:20,HT,20,2,2,56,73,76,896,49680
1026,0,3a:8d:ef:b5:cb:ff,HT,20,2,1,56,67,73,448,49671
1027,0,d4:3b:04:9a:7c:70,HT,20,2,1,56,75,72,448,180742
1028,0,d4:3b:04:9a:7c:70,HT,20,2,1,56,74,70,448,180743
1029,0,3a:8d:ef:b5:3b:fc,HT,20,2,1,56,68,72,448,49671
1030,0,d4:3b:04:9a:7c:70,HT,20,2,1,56,74,74,448,180741
1031,0,d4:3b:04:9a:7c:70,HT,20,2,1,56,74,72,448,180742
1032,0,22:6e:45:de:34:20,HT,20,2,2,56,74,77,896,49681
1033,0,22:6e:45:de:34:20,HT,20,2,2,56,74,77,896,49681
1034,0,22:6e:45:de:34:20,HT,20,2,2,56,74,77,896,49681
1035,0,22:6e:45:de:34:20,HT,20,2,1,56,73,81,448,49664
1036,0,39:a1:3b:a6:b0:e1,HT,20,2,1,56,68,74,448,180743
1037,0,3a:8d:ef:b5:3b:fc,HT,20,2,1,56,67,71,448,49671
1038,0,d4:3b:04:9a:7c:70,HT,20,2,2,56,73,73,896,49684
1039,0,22:6e:45:de:34:20,HT,20,2,2,56,74,77,896,49680
1040,0,22:6e:45:de:34:20,HT,20,2,2,56,74,77,896,49680
1041,0,3a:8d:ef:b5:3b:fc,HT,20,2,1,56,67,68,448,49671
1042,0,3a:8d:ef:b5:3b:fc,HT,20,2,1,56,68,69,448,49671
1043,0,22:6e:45:de:34:20,HT,20,2,2,56,75,77,896,49680
1044,0,22:6e:45:de:34:20,HT,20,2,2,56,75,81,896,49681
1045,0,22:6e:45:de:34:20,HT,20,2,2,56,75,79,896,49681
1046,0,22:6e:45:de:34:20,HT,20,2,2,56,74,74,896,49681
1047,0,22:6e:45:de:34:20,HT,20,2,2,56,73,76,896,49680
1048,0,d4:3b:04:9a:7c:70,HT,20,2,2,56,72,73,896,49684
1049,0,3a:8d:ef:b5:3b:fc,HT,20,2,1,56,70,73,448,49671
1050,0,d4:3b:04:9a:7c:70,HT,20,2,1,56,71,73,448,180742
1051,0,d4:3b:04:9a:7c:70,HT,20,2,1,56,71,73,448,180742
1052,0,d4:3b:04:9a:7c:70,HT,20,2,1,56,72,73,448,180742
1053,0,22:6e:45:de:34:20,HT,20,2,2,56,74,79,896,49681
1054,0,22:6e:45:de:34:20,HT,20,2,2,56,74,81,896,49680
1055,0,22:6e:45:de:34:20,HT,20,2,2,56,72,75,896,49681
1056,0,22:6e:45:de:34:20,HT,20,2,2,56,73,74,896,49681
1057,0,22:6e:45:de:34:20,HT,20,2,2,56,72,75,896,49680
1058,0,22:6e:45:de:34:20,HT,20,2,2,56,75,76,896,49681
1059,0,22:6e:45:de:34:20,HT,20,2,2,56,75,78,896,49681
1060,0,d4:3b:04:9a:7c:70,HT,20,2,1,56,72,71,448,180742
1061,0,22:6e:45:de:34:20,HT,20,2,2,56,75,78,896,49681
1062,0,d4:3b:04:9a:7c:70,HT,20,2,1,56,69,72,448,180742
1063,0,d4:3b:04:9a:7c:70,HT,20,2,1,56,71,74,448,180742
1064,0,22:6e:45:de:34:20,HT,20,2,2,56,74,76,896,49680
1065,0,22:6e:45:de:34:20,HT,20,2,2,56,75,77,896,49681
1066,0,22:6e:45:de:34:20,HT,20,2,2,56,74,75,896,49681
1067,0,22:6e:45:de:34:20,HT,20,2,2,56,74,76,896,49680
1068,0,d4:3b:04:9a:7c:70,HT,20,2,1,56,72,72,448,180742
1069,0,d4:3b:04:9a:7c:70,HT,20,2,1,56,71,71,448,180743
1070,0,22:6e:45:de:34:20,HT,20,2,2,56,75,77,896,49681
1071,0,22:6e:45:de:34:20,HT,20,2,2,56,75,74,896,49681
1072,0,22:6e:45:de:34:20,HT,20,2,2,56,74,77,896,49681
1073,0,22:6e:45:de:34:20,HT,20,2,2,56,74,76,896,49681
1074,0,22:6e:45:de:34:20,HT,20,2,2,56,74,77,896,49680
1075,0,d4:3b:04:9a:7c:70,HT,20,2,1,56,71,74,448,180742
1076,0,d4:3b:04:9a:7c:70,HT,20,2,1,56,70,74,448,180742
1077,0,22:6e:45:de:34:20,HT,20,2,1,56,74,78,448,49667
1078,0,22:6e:45:de:34:20,HT,20,2,2,56,75,78,896,49681
1079,0,3a:8d:ef:b5:3b:fc,HT,20,2,1,56,67,72,448,49671
1080,0,3a:8d:ef:b5:3b:fc,HT,20,2,1,56,68,73,448,49671
1081,0,3a:8d:ef:b5:3b:fc,HT,20,2,1,56,68,73,448,49671
1082,0,22:6e:45:de:34:20,HT,20,2,2,56,74,76,896,49680
1083,0,3a:8d:ef:b5:3b:fc,HT,20,2,1,56,68,72,448,49671
1084,0,22:6e:45:de:34:20,HT,20,2,2,56,75,76,896,49681
1085,0,22:6e:45:de:34:20,HT,20,2,2,56,75,76,896,49681
1086,0,22:6e:45:de:34:20,HT,20,2,2,56,75,83,896,49680
1087,0,22:6e:45:de:34:20,HT,20,2,2,56,74,79,896,49680
1088,0,22:6e:45:de:34:20,HT,20,2,2,56,72,77,896,49681
1089,0,22:6e:45:de:34:20,HT,20,2,2,56,74,78,896,49680
1090,0,22:6e:45:de:34:20,HT,20,2,2,56,74,77,896,49681
1091,0,22:6e:45:de:34:20,HT,20,2,2,56,76,76,896,49682
1092,0,3a:8d:ef:b5:3b:fc,HT,20,2,1,56,68,68,448,49671
1093,0,22:6e:45:de:34:20,HT,20,2,2,56,74,76,896,49680
1094,0,22:6e:45:de:34:20,HT,20,2,2,56,74,76,896,49682
1095,0,22:6e:45:de:34:20,HT,20,2,2,56,74,77,896,49682
1096,0,3a:8d:ef:b5:3b:fc,HT,20,2,1,56,68,68,448,49671
1097,0,22:6e:45:de:34:20,HT,20,2,2,56,73,78,896,49682
1098,0,3a:8d:ef:b5:3b:fc,HT,20,2,1,56,68,68,448,49671
1099,0,3a:8d:ef:b5:3b:fc,HT,20,2,1,56,68,68,448,49671
1100,0,22:6e:45:de:34:20,HT,20,2,2,56,74,77,896,49682
1101,0,22:6e:45:de:34:20,HT,20,2,2,56,75,77,896,49680
1102,0,22:6e:45:de:34:20,HT,20,2,1,56,74,76,448,49664
1103,0,22:6e:45:de:34:20,HT,20,2,2,56,74,75,896,49682
1104,0,22:6e:45:de:34:20,HT,20,2,2,56,74,75,896,49682
1105,0,22:6e:45:de:34:20,HT,20,2,2,56,75,74,896,49680
1106,0,3a:8d:ef:b5:3b:fc,HT,20,2,1,56,68,70,448,49671
1107,0,3a:8d:ef:b5:3b:fc,HT,20,2,1,56,68,70,448,49671
1108,0,3a:8d:ef:b5:3b:fc,HT,20,2,1,56,68,69,448,49671
1109,0,3a:8d:ef:b5:3b:fc,HT,20,2,1,56,67,70,448,49671
1110,0,3a:8d:ef:b5:3b:fc,HT,20,2,1,56,67,69,448,49669
1111,0,3a:8d:ef:b5:3b:fc,HT,20,2,1,56,67,70,448,49669
1112,0,3a:8d:ef:b5:3b:fc,HT,20,2,1,56,67,69,448,49667
1113,0,3a:8d:ef:b5:3b:fc,HT,20,2,1,56,67,70,448,49671
1114,0,22:6e:45:de:34:20,HT,20,2,2,56,75,79,896,49680
1115,0,3a:8d:ef:b5:3b:fc,HT,20,2,1,56,67,69,448,49671
1116,0,3a:8d:ef:b5:3b:fc,HT,20,2,1,56,68,69,448,49671
1117,0,22:6e:45:de:34:20,HT,20,2,2,56,75,79,896,49682
1118,0,22:6e:45:de:34:20,HT,20,2,2,56,75,79,896,49682
1119,0,22:6e:45:de:34:20,HT,20,2,2,56,75,79,896,49680
1120,0,22:6e:45:de:34:20,HT,20,2,1,56,74,79,448,49664
1121,0,22:6e:45:de:34:20,HT,20,2,2,56,74,79,896,49682
1122,0,3a:8d:ef:b5:3b:fc,HT,20,2,1,56,68,72,448,49671
1123,0,22:6e:45:de:34:20,HT,20,2,2,56,74,78,896,49682
1124,0,3a:8d:ef:b5:3b:fc,HT,20,2,1,56,68,72,448,49671
1125,0,22:6e:45:de:34:20,HT,20,2,2,56,74,79,896,49682
1126,0,3a:8d:ef:b5:3b:fc,HT,20,2,1,56,68,71,448,49671
1127,0,3a:8d:ef:b5:3b:fc,HT,20,2,1,56,69,71,448,49671
1128,0,46:1f:1f:07:8b:eb,HT,20,2,2,56,73,77,896,49682
1129,0,22:6e:45:de:34:20,HT,20,2,2,56,74,78,896,49680
1130,0,22:6e:45:de:34:20,HT,20,2,2,56,73,79,896,49682
1131,0,3a:8d:ef:b5:3b:fc,HT,20,2,1,56,66,71,448,49671
1132,0,22:6e:45:de:34:20,HT,20,2,2,56,74,77,896,49680
1133,0,3a:8d:ef:b5:3b:fc,HT,20,2,1,56,66,71,448,49671
1134,0,3a:8d:ef:b5:3b:fc,HT,20,2,1,56,66,70,448,49671
1135,0,3a:8d:ef:b5:3b:fc,HT,20,2,1,56,67,71,448,49671
1136,0,22:6e:45:de:34:20,HT,20,2,2,56,75,77,896,49682
1137,0,3a:8d:ef:b5:3b:fc,HT,20,2,1,56,67,70,448,49671
1138,0,3a:8d:ef:b5:3b:fc,HT,20,2,1,56,67,70,448,49671
1139,0,3a:8d:ef:b5:3b:fc,HT,20,2,1,56,68,68,448,49671
1140,0,3a:8d:ef:b5:3b:fc,HT,20,2,1,56,68,68,448,49671
1141,0,3a:8d:ef:b5:3b:fc,HT,20,2,1,56,68,68,448,49671
1142,0,22:6e:45:de:34:20,HT,20,2,1,56,75,75,448,49664
1143,0,22:6e:45:de:34:20,HT,20,2,2,56,75,75,896,49682
1144,0,22:6e:45:de:34:20,HT,20,2,2,56,76,76,896,49680
1145,0,22:6e:45:de:34:20,HT,20,2,2,56,76,78,896,49680
1146,0,22:6e:45:de:34:20,HT,20,2,1,56,75,81,448,49664
1147,0,22:6e:45:de:34:20,HT,20,2,2,56,75,78,896,49682
1148,0,22:6e:45:de:34:20,HT,20,2,2,56,75,78,896,49682
1149,0,3a:8d:ef:b5:3b:fc,HT,20,2,1,56,68,71,448,49671
1150,0,3a:8d:ef:b5:3b:fc,HT,20,2,1,56,69,72,448,49671
1151,0,22:6e:45:de:34:20,HT,20,2,2,56,75,77,896,49680
1152,0,22:6e:45:de:34:20,HT,20,2,2,56,75,77,896,49680
1153,0,3a:8d:ef:b5:3b:fc,HT,20,2,1,56,69,71,448,49671
1154,0,3a:8d:ef:b5:3b:fc,HT,20,2,1,56,69,71,448,49671
1155,0,3a:8d:ef:b5:3b:fc,HT,20,2,1,56,68,71,448,49669
1156,0,3a:8d:ef:b5:3b:fc,HT,20,2,1,56,68,71,448,49669
1157,0,3a:8d:ef:b5:3b:fc,HT,20,2,1,56,69,71,448,49667
1158,0,22:6e:45:de:34:20,HT,20,2,2,56,73,78,896,49682
1159,0,3a:8d:ef:b5:3b:fc,HT,20,2,1,56,69,71,448,49671
1160,0,22:6e:45:de:34:20,HT,20,2,2,56,75,79,896,49681
1161,0,3a:8d:ef:b5:3b:fc,HT,20,2,1,56,69,73,448,49671
1162,0,3a:8d:ef:b5:3b:fc,HT,20,2,1,56,66,72,448,49671
1163,0,3a:8d:ef:b5:3b:fc,HT,20,2,1,56,67,70,448,49671
1164,0,3a:8d:ef:b5:3b:fc,HT,20,2,1,56,68,70,448,49671
1165,0,3a:8d:ef:b5:3b:fc,HT,20,2,1,56,68,69,448,49671
1166,0,22:6e:45:de:34:20,HT,20,2,2,56,74,76,896,49680
1167,0,22:6e:45:de:34:20,HT,20,2,2,56,75,77,896,49683
1168,0,22:6e:45:de:34:20,HT,20,2,2,56,76,77,896,49683
1169,0,3a:8d:ef:b5:3b:fc,HT,20,2,1,56,66,67,448,49671
1170,0,22:6e:45:de:34:20,HT,20,2,2,56,75,76,896,49681
1171,0,3a:8d:ef:b5:3b:fc,HT,20,2,1,56,67,67,448,49671
1172,0,3a:8d:ef:b5:3b:fc,HT,20,2,1,56,67,68,448,49671
1173,0,3a:8d:ef:b5:3b:fc,HT,20,2,1,56,68,68,448,49671
1174,0,3a:8d:ef:b5:3b:fc,HT,20,2,1,56,68,69,448,49671
1175,0,3a:8d:ef:b5:3b:fc,HT,20,2,1,56,67,69,448,49671
1176,0,3a:8d:ef:b5:3b:fc,HT,20,2,1,56,67,69,448,49671
1177,0,3a:8d:ef:b5:3b:fc,HT,20,2,1,56,67,69,448,49671
1178,0,22:6e:45:de:34:20,HT,20,2,2,56,73,78,896,49683
1179,0,22:6e:45:de:34:20,HT,20,2,2,56,74,78,896,49683
1180,0,22:6e:45:de:34:20,HT,20,2,2,56,75,78,896,49683
1181,0,22:6e:45:de:34:20,HT,20,2,2,56,76,78,896,49681
1182,0,22:6e:45:de:34:20,HT,20,2,2,56,75,77,896,49680
1183,0,22:6e:45:de:34:20,HT,20,2,1,56,74,77,448,49664
1184,0,68:72:51:58:79:97,HT,20,2,1,56,77,79,448,180740
1185,0,22:6e:45:de:34:20,HT,20,2,1,56,75,77,448,49664
1186,0,22:6e:45:de:34:20,HT,20,2,2,56,74,76,896,49680
1187,0,22:6e:45:de:34:20,HT,20,2,2,56,76,77,896,49683
1188,0,22:6e:45:de:34:20,HT,20,2,2,56,74,80,896,49681
1189,0,22:6e:45:de:34:20,HT,20,2,2,56,75,78,896,49681
1190,0,22:6e:45:de:34:20,HT,20,2,2,56,74,77,896,49680
1191,0,22:6e:45:de:34:20,HT,20,2,1,56,75,78,448,49664
1192,0,22:6e:45:de:34:20,HT,20,2,1,56,75,78,448,49664
1193,0,22:6e:45:de:34:20,HT,20,2,2,56,76,78,896,49683
1194,0,3a:8d:ef:b5:3b:fc,HT,20,2,1,56,66,70,448,49671
1195,0,3a:8d:ef:b5:3b:fc,HT,20,2,1,56,67,70,448,49671
1196,0,3a:8d:ef:b5:3b:fc,HT,20,2,1,56,67,71,448,49671
1197,0,3a:8d:ef:b5:3b:fc,HT,20,2,1,56,67,70,448,49671
1198,0,3a:8d:ef:b5:3b:fc,HT,20,2,1,56,67,70,448,49671
1199,0,3a:8d:ef:b5:3b:fc,HT,20,2,1,56,67,70,448,49671
1200,0,3a:8d:ef:b5:3b:fc,HT,20,2,1,56,67,69,448,49671
1201,0,3a:8d:ef:b5:3b:fc,HT,20,2,1,56,67,68,448,49671
1202,0,3a:8d:ef:b5:3b:fc,HT,20,2,1,56,67,68,448,49671
1203,0,3a:8d:ef:b5:3b:fc,HT,20,2,1,56,67,68,448,49671
1204,0,3a:8d:ef:b5:3b:fc,HT,20,2,1,56,67,68,448,49671
1205,0,3a:8d:ef:b5:3b:fc,HT,20,2,1,56,68,69,448,49671
1206,0,3a:8d:ef:b5:3b:fc,HT,20,2,1,56,68,70,448,49671
1207,0,3a:8d:ef:b5:3b:fc,HT,20,2,1,56,67,69,448,49671
1208,0,3a:8d:ef:b5:3b:fc,HT,20,2,1,56,68,71,448,49671
1209,0,3a:8d:ef:b5:3b:fc,HT,20,2,1,56,68,72,448,49671
1210,0,3a:8d:ef:b5:3b:fc,HT,20,2,1,56,68,72,448,49671
1211,0,3a:8d:ef:b5:3b:fc,HT,20,2,1,56,67,72,448,49671
1212,0,3a:8d:ef:b5:3b:fc,HT,20,2,1,56,67,73,448,49671
1213,0,22:6e:45:de:34:20,HT,20,2,2,56,75,77,896,49683
1214,0,3a:8d:ef:b5:3b:fc,HT,20,2,1,56,66,72,448,49671
1215,0,3a:8d:ef:b5:3b:fc,HT,20,2,1,56,66,71,448,49671
1216,0,22:6e:45:de:34:20,HT,20,2,2,56,75,78,896,49680
1217,0,22:6e:45:de:34:20,HT,20,2,2,56,75,79,896,49683
1218,0,22:6e:45:de:34:20,HT,20,2,2,56,75,76,896,49682
1219,0,3a:8d:ef:b5:3b:fc,HT,20,2,1,56,68,68,448,49671
1220,0,3a:8d:ef:b5:3b:fc,HT,20,2,1,56,68,68,448,49671
1221,0,3a:8d:ef:b5:3b:fc,HT,20,2,1,56,68,68,448,49671
1222,0,22:6e:45:de:34:20,HT,20,2,2,56,75,75,896,49681
1223,0,22:6e:45:de:34:20,HT,20,2,2,56,74,75,896,49680
1224,0,22:6e:45:de:34:20,HT,20,2,2,56,74,79,896,49681
1225,0,3a:8d:ef:b5:3b:fc,HT,20,2,1,56,68,69,448,49671
1226,0,68:72:51:58:79:97,HT,20,2,1,56,78,78,448,180742
1227,0,3a:8d:ef:b5:3b:fc,HT,20,2,1,56,67,70,448,49671
1228,0,3a:8d:ef:b5:3b:fc,HT,20,2,1,56,68,73,448,49671
1229,0,3a:8d:ef:b5:3b:fc,HT,20,2,1,56,68,73,448,49671
1230,0,3a:8d:ef:b5:3b:fc,HT,20,2,1,56,67,73,448,49671
1231,0,3a:8d:ef:b5:3b:fc,HT,20,2,1,56,68,72,448,49671
1232,0,3a:8d:ef:b5:3b:fc,HT,20,2,1,56,68,72,448,49671
1233,0,3a:8d:ef:b5:3b:fc,HT,20,2,1,56,67,71,448,49671
1234,0,3a:8d:ef:b5:3b:fc,HT,20,2,1,56,69,71,448,49671
1235,0,3a:8d:ef:b5:3b:fc,HT,20,2,1,56,69,71,448,49669
1236,0,3a:8d:ef:b5:3b:fc,HT,20,2,1,56,70,71,448,49667
1237,0,3a:8d:ef:b5:3b:fc,HT,20,2,1,56,70,71,448,49667
1238,0,3a:8d:ef:b5:3b:fc,HT,20,2,1,56,69,72,448,49671
1239,0,3a:8d:ef:b5:3b:fc,HT,20,2,1,56,69,72,448,49669
1240,0,3a:8d:ef:b5:3b:fc,HT,20,2,1,56,69,73,448,49671
1241,0,3a:8d:ef:b5:3b:fc,HT,20,2,1,56,69,73,448,49671
1242,0,3a:8d:ef:b5:3b:fc,HT,20,2,1,56,69,73,448,49671
1243,0,22:6e:45:de:34:20,HT,20,2,2,56,74,78,896,49681
1244,0,22:6e:45:de:34:20,HT,20,2,2,56,74,77,896,49680
1245,0,22:6e:45:de:34:20,HT,20,2,2,56,73,75,896,49682
1246,0,22:6e:45:de:34:20,HT,20,2,2,56,73,76,896,49682
1247,0,3a:8d:ef:b5:3b:fc,HT,20,2,1,56,68,70,448,49671
1248,0,3a:8d:ef:b5:3b:fc,HT,20,2,1,56,69,70,448,49671
1249,0,22:6e:45:de:34:20,HT,20,2,2,56,75,78,896,49682
1250,0,22:6e:45:de:34:20,HT,20,2,2,56,74,77,896,49682
1251,0,22:6e:45:de:34:20,HT,20,2,2,56,75,78,896,49681
1252,0,22:6e:45:de:34:20,HT,20,2,2,56,74,76,896,49680
1253,0,3a:8d:ef:b5:3b:fc,HT,20,2,1,56,67,74,448,49671
1254,0,22:6e:45:de:34:20,HT,20,2,2,56,75,78,896,49680
1255,0,3a:8d:ef:b5:3b:fc,HT,20,2,1,56,67,73,448,49671
1256,0,d4:3b:04:9a:7c:70,HT,20,2,1,56,74,74,448,180742
1257,0,22:6e:45:de:34:20,HT,20,2,2,56,73,78,896,49682
1258,0,3a:8d:ef:b5:3b:fc,HT,20,2,1,56,69,71,448,49671
1259,0,3a:8d:ef:b5:3b:fc,HT,20,2,1,56,69,71,448,49671
1260,0,3a:8d:ef:b5:3b:fc,HT,20,2,1,56,68,71,448,49669
1261,0,3a:8d:ef:b5:3b:fc,HT,20,2,1,56,69,70,448,49669
1262,0,22:6e:45:de:34:20,HT,20,2,2,56,74,77,896,49681
1263,0,3a:8d:ef:b5:3b:fc,HT,20,2,1,56,68,73,448,49671
1264,0,3a:8d:ef:b5:3b:fc,HT,20,2,1,56,68,74,448,49671
1265,0,22:6e:45:de:34:20,HT,20,2,2,56,76,76,896,49680
1266,0,22:6e:45:de:34:20,HT,20,2,2,56,75,76,896,49680
1267,0,68:72:51:58:79:97,HT,20,2,1,56,77,79,448,180739
1268,0,22:6e:45:de:34:20,HT,20,2,2,56,73,78,896,49684
1269,0,3a:8d:ef:b5:3b:fc,HT,20,2,1,56,67,70,448,49671
1270,0,3a:8d:ef:b5:3b:fc,HT,20,2,1,56,67,70,448,49671
1271,0,3a:8d:ef:b5:3b:fc,HT,20,2,1,56,67,69,448,49671
1272,0,22:6e:45:de:34:20,HT,20,2,2,56,74,77,896,49682
1273,0,22:6e:45:de:34:20,HT,20,2,2,56,74,77,896,49681
1274,0,3a:8d:ef:b5:3b:fc,HT,20,2,1,56,68,68,448,49671
1275,0,3a:8d:ef:b5:3b:fc,HT,20,2,1,56,68,68,448,49671
1276,0,3a:8d:ef:b5:3b:fc,HT,20,2,1,56,67,68,448,49671
1277,0,3a:8d:ef:b5:3b:fc,HT,20,2,1,56,67,68,448,49671
1278,0,3a:8d:ef:b5:3b:fc,HT,20,2,1,56,68,68,448,49671
1279,0,22:6e:45:de:34:20,HT,20,2,2,56,75,76,896,49682
1280,0,3a:8d:ef:b5:3b:fc,HT,20,2,1,56,67,68,448,49671
1281,0,3a:8d:ef:b5:3b:fc,HT,20,2,1,56,67,68,448,49671
1282,0,3a:8d:ef:b5:3b:fc,HT,20,2,1,56,68,68,448,49671
1283,0,3a:8d:ef:b5:3b:fc,HT,20,2,1,56,67,69,448,49671
1284,0,22:6e:45:de:34:20,HT,20,2,2,56,75,78,896,49682
1285,0,3a:8d:ef:b5:3b:fc,HT,20,2,1,56,67,69,448,49671
1286,0,d4:3b:04:9a:7c:70,HT,20,2,1,56,69,75,448,180743
1287,0,d4:3b:04:9a:7c:70,HT,20,2,1,56,69,75,448,180742
1288,0,3a:8d:ef:b5:3b:fc,HT,20,2,1,56,69,71,448,49671
1289,0,3a:8d:ef:b5:3b:fc,HT,20,2,1,56,69,71,448,49671
1290,0,3a:8d:ef:b5:3b:fc,HT,20,2,1,56,68,71,448,49669
1291,0,22:6e:45:de:34:20,HT,20,2,2,56,75,76,896,49681
1292,0,22:6e:45:de:34:20,HT,20,2,2,56,75,78,896,49684
1293,0,d4:3b:04:9a:7c:70,HT,20,2,1,56,69,75,448,180743
1294,0,3a:8d:ef:b5:3b:fc,HT,20,2,1,56,68,69,448,49671
1295,0,3a:8d:ef:b5:3b:fc,HT,20,2,1,56,68,69,448,49671
1296,0,3a:8d:ef:b5:3b:fc,HT,20,2,1,56,68,69,448,49671
1297,0,22:6e:45:de:34:20,HT,20,2,2,56,77,76,896,49683
1298,0,22:6e:45:de:34:20,HT,20,2,2,56,75,75,896,49682
1299,0,22:6e:45:de:34:20,HT,20,2,2,56,76,76,896,49681
1300,0,22:6e:45:de:34:20,HT,20,2,2,56,74,79,896,49683
1301,0,22:6e:45:de:34:20,HT,20,2,2,56,74,79,896,49682
1302,0,22:6e:45:de:34:20,HT,20,2,2,56,75,80,896,49681
1303,0,22:6e:45:de:34:20,HT,20,2,2,56,74,80,896,49681
1304,0,22:6e:45:de:34:20,HT,20,2,2,56,75,79,896,49682
1305,0,22:6e:45:de:34:20,HT,20,2,2,56,75,78,896,49683
1306,0,22:6e:45:de:34:20,HT,20,2,2,56,75,78,896,49683
1307,0,22:6e:45:de:34:20,HT,20,2,2,56,75,77,896,49682
1308,0,3a:8d:ef:b5:3b:fc,HT,20,2,1,56,68,72,448,49671
1309,0,3a:8d:ef:b5:3b:fc,HT,20,2,1,56,68,73,448,49669
1310,0,3a:8d:ef:b5:3b:fc,HT,20,2,1,56,68,73,448,49669
1311,0,3a:8d:ef:b5:3b:fc,HT,20,2,1,56,68,73,448,49667
1312,0,3a:8d:ef:b5:3b:fc,HT,20,2,1,56,68,73,448,49667
1313,0,22:6e:45:de:34:20,HT,20,2,2,56,74,78,896,49683
1314,0,22:6e:45:de:34:20,HT,20,2,2,56,74,76,896,49682
1315,0,3a:8d:ef:b5:3b:fc,HT,20,2,1,56,67,68,448,49671
1316,0,3a:8d:ef:b5:3b:fc,HT,20,2,1,56,68,67,448,49671
1317,0,3a:8d:ef:b5:3b:fc,HT,20,2,1,56,67,68,448,49669
1318,0,3a:8d:ef:b5:3b:fc,HT,20,2,1,56,67,67,448,49669
1319,0,3a:8d:ef:b5:3b:fc,HT,20,2,1,56,67,69,448,49671
1320,0,3a:8d:ef:b5:3b:fc,HT,20,2,1,56,68,70,448,49671
1321,0,3a:8d:ef:b5:3b:fc,HT,20,2,1,56,67,69,448,49669
1322,0,3a:8d:ef:b5:3b:fc,HT,20,2,1,56,67,70,448,49669
1323,0,3a:8d:ef:b5:3b:fc,HT,20,2,1,56,68,70,448,49667
1324,0,22:6e:45:de:34:20,HT,20,2,2,56,75,81,896,49682
1325,0,3a:8d:ef:b5:3b:fc,HT,20,2,1,56,68,72,448,49671
1326,0,3a:8d:ef:b5:3b:fc,HT,20,2,1,56,68,68,448,49671
1327,0,22:6e:45:de:34:20,HT,20,2,2,56,75,77,896,49682
1328,0,22:6e:45:de:34:20,HT,20,2,2,56,74,76,896,49681
1329,0,22:6e:45:de:34:20,HT,20,2,2,56,74,77,896,49681
1330,0,22:6e:45:de:34:20,HT,20,2,2,56,74,80,896,49683
1331,0,22:6e:45:de:34:20,HT,20,2,2,56,75,77,896,49683
1332,0,22:6e:45:de:34:20,HT,20,2,2,56,75,78,896,49683
1333,0,22:6e:45:de:34:20,HT,20,2,2,56,74,77,896,49683
1334,0,22:6e:45:de:34:20,HT,20,2,2,56,75,77,896,49683
1335,0,22:6e:45:de:34:20,HT,20,2,2,56,74,77,896,49681
1336,0,22:6e:45:de:34:20,HT,20,2,2,56,75,77,896,49680
1337,0,22:6e:45:de:34:20,HT,20,2,2,56,74,75,896,49681
1338,0,22:6e:45:de:34:20,HT,20,2,2,56,74,74,896,49680
1339,0,22:6e:45:de:34:20,HT,20,2,2,56,75,74,896,49682
1340,0,3a:8d:ef:b5:3b:fc,HT,20,2,1,56,67,70,448,49671
1341,0,3a:8d:ef:b5:3b:fc,HT,20,2,1,56,67,69,448,49671
1342,0,22:6e:45:de:34:20,HT,20,2,2,56,76,75,896,49682
1343,0,22:6e:45:de:34:20,HT,20,2,2,56,75,75,896,49682
1344,0,22:6e:45:de:34:20,HT,20,2,2,56,75,75,896,49682
1345,0,22:6e:45:de:34:20,HT,20,2,2,56,76,77,896,49680
1346,0,22:6e:45:de:34:20,HT,20,2,1,56,75,77,448,49664
1347,0,d4:3b:04:9a:7c:70,HT,20,2,1,56,72,71,448,180743
1348,0,d4:3b:04:9a:7c:70,HT,20,2,1,56,73,71,448,180742
1349,0,d4:3b:04:9a:7c:70,HT,20,2,1,56,71,75,448,180742
1350,0,3a:8d:ef:b5:3b:fc,HT,20,2,1,56,67,68,448,49671
1351,0,3a:8d:ef:b5:3b:fc,HT,20,2,1,56,67,68,448,49671
1352,0,3a:8d:ef:b5:3b:fc,HT,20,2,1,56,67,68,448,49671
1353,0,3a:8d:ef:b5:3b:fc,HT,20,2,1,56,67,68,448,49671
1354,0,22:6e:45:de:34:20,HT,20,2,2,56,75,78,896,49680
1355,0,3a:8d:ef:b5:3b:fc,HT,20,2,1,56,68,69,448,49671
1356,0,3a:8d:ef:b5:3b:fc,HT,20,2,1,56,67,70,448,49671
1357,0,3a:8d:ef:b5:3b:fc,HT,20,2,1,56,67,70,448,49671
1358,0,3a:8d:ef:b5:3b:fc,HT,20,2,1,56,68,70,448,49671
1359,0,22:6e:45:de:34:20,HT,20,2,2,56,75,81,896,49682
1360,0,22:6e:45:de:34:20,HT,20,2,2,56,73,78,896,49680
1361,0,22:6e:45:de:34:20,HT,20,2,2,56,73,81,896,49682
1362,0,3a:8d:ef:b5:3b:fc,HT,20,2,1,56,68,74,448,49671
1363,0,22:6e:45:de:34:20,HT,20,2,1,56,74,76,448,49664
1364,0,22:6e:45:de:34:20,HT,20,2,2,56,75,78,896,49682
1365,0,22:6e:45:de:34:20,HT,20,2,2,56,74,77,896,49682
1366,0,22:6e:45:de:34:20,HT,20,2,2,56,75,78,896,49682
1367,0,22:6e:45:de:34:20,HT,20,2,2,56,74,78,896,49682
1368,0,68:72:51:58:79:97,HT,20,2,1,56,77,80,448,180739
1369,0,22:6e:45:de:34:20,HT,20,2,2,56,72,77,896,49680
1370,0,22:6e:45:de:34:20,HT,20,2,2,56,74,76,896,49682
1371,0,22:6e:45:de:34:20,HT,20,2,2,56,74,76,896,49682
1372,0,22:6e:45:de:34:20,HT,20,2,2,56,74,76,896,49682
1373,0,22:6e:45:de:34:20,HT,20,2,2,56,74,76,896,49682
1374,0,22:6e:45:de:34:20,HT,20,2,2,56,74,75,896,49680
1375,0,22:6e:45:de:34:20,HT,20,2,2,56,75,76,896,49682
1376,0,22:6e:45:de:34:20,HT,20,2,2,56,77,76,896,49682
1377,0,3a:8d:ef:b5:3b:fc,HT,20,2,1,56,67,70,448,49671
1378,0,22:6e:45:de:34:20,HT,20,2,2,56,76,76,896,49680
1379,0,22:6e:45:de:34:20,HT,20,2,1,56,76,76,448,49664
1380,0,3a:8d:ef:b5:3b:fc,HT,20,2,1,56,67,70,448,49671
1381,0,22:6e:45:de:34:20,HT,20,2,2,56,75,76,896,49682
1382,0,22:6e:45:de:34:20,HT,20,2,2,56,75,76,896,49680
1383,0,3a:8d:ef:b5:3b:fc,HT,20,2,1,56,69,69,448,49671
1384,0,3a:8d:ef:b5:3b:fc,HT,20,2,1,56,68,69,448,49671
1385,0,22:6e:45:de:34:20,HT,20,2,2,56,74,77,896,49680
1386,0,3a:8d:ef:b5:3b:fc,HT,20,2,1,56,68,69,448,49671
1387,0,3a:8d:ef:b5:3b:fc,HT,20,2,1,56,68,69,448,49671
1388,0,3a:8d:ef:b5:3b:fc,HT,20,2,1,56,68,70,448,49671
1389,0,3a:8d:ef:b5:3b:fc,HT,20,2,1,56,69,70,448,49671
1390,0,3a:8d:ef:b5:3b:fc,HT,20,2,1,56,68,71,448,49669
1391,0,22:6e:45:de:34:20,HT,20,2,1,56,74,78,448,49664
1392,0,22:6e:45:de:34:20,HT,20,2,2,56,75,80,896,49680
1393,0,22:6e:45:de:34:20,HT,20,2,2,56,74,80,896,49682
1394,0,22:6e:45:de:34:20,HT,20,2,2,56,75,80,896,49682
1395,0,22:6e:45:de:34:20,HT,20,2,2,56,74,79,896,49680
1396,0,22:6e:45:de:34:20,HT,20,2,2,56,74,77,896,49680
1397,0,22:6e:45:de:34:20,HT,20,2,2,56,73,76,896,49680
1398,0,22:6e:45:de:34:20,HT,20,2,1,56,74,77,448,49664
1399,0,22:6e:45:de:34:20,HT,20,2,2,56,72,79,896,49682
1400,0,22:6e:45:de:34:20,HT,20,2,2,56,75,78,896,49682
1401,0,22:6e:45:de:34:20,HT,20,2,2,56,74,77,896,49682
1402,0,22:6e:45:de:34:20,HT,20,2,2,56,73,78,896,49682
1403,0,22:6e:45:de:34:20,HT,20,2,2,56,73,78,896,49682
1404,0,22:6e:45:de:34:20,HT,20,2,2,56,73,78,896,49682
1405,0,22:6e:45:de:34:20,HT,20,2,2,56,74,76,896,49682
1406,0,22:6e:45:de:34:20,HT,20,2,2,56,75,79,896,49683
1407,0,22:6e:45:de:34:20,HT,20,2,2,56,75,77,896,49681
1408,0,3a:8d:ef:b5:3b:fc,HT,20,2,1,56,68,71,448,49669
1409,0,22:6e:45:de:34:20,HT,20,2,1,56,75,79,448,49666
1410,0,3a:8d:ef:b5:3b:fc,HT,20,2,1,56,67,70,448,49669
1411,0,3a:8d:ef:b5:3b:fc,HT,20,2,1,56,67,70,448,49671
1412,0,3a:8d:ef:b5:3b:fc,HT,20,2,1,56,68,69,448,49671
1413,0,22:6e:45:de:34:20,HT,20,2,1,56,74,77,448,49665
1414,0,22:6e:45:de:34:20,HT,20,2,2,56,74,77,896,49682
1415,0,68:72:51:58:79:97,HT,20,2,1,56,78,80,448,180739
1416,0,3a:8d:ef:b5:3b:fc,HT,20,2,1,56,68,70,448,49671
1417,0,3a:8d:ef:b5:3b:fc,HT,20,2,1,56,68,70,448,49671
1418,0,3a:8d:ef:b5:3b:fc,HT,20,2,1,56,68,70,448,49671
1419,0,3a:8d:ef:b5:3b:fc,HT,20,2,1,56,67,69,448,49671
1420,0,3a:8d:ef:b5:3b:fc,HT,20,2,1,56,67,69,448,49671
1421,0,3a:8d:ef:b5:3b:fc,HT,20,2,1,56,67,69,448,49671
1422,0,3a:8d:ef:b5:3b:fc,HT,20,2,1,56,69,70,448,49671
1423,0,3a:8d:ef:b5:3b:fc,HT,20,2,1,56,69,70,448,49671
1424,0,22:6e:45:de:34:20,HT,20,2,1,56,74,75,448,49666
1425,0,22:6e:45:de:34:20,HT,20,2,1,56,75,76,448,49666
1426,0,22:6e:45:de:34:20,HT,20,2,1,56,74,76,448,49666
1427,0,22:6e:45:de:34:20,HT,20,2,1,56,74,77,448,49666
1428,0,3a:8d:ef:b5:3b:fc,HT,20,2,1,56,66,70,448,49671
1429,0,3a:8d:ef:b5:3b:fc,HT,20,2,1,56,66,70,448,49671
1430,0,3a:8d:ef:b5:3b:fc,HT,20,2,1,56,66,70,448,49671
1431,0,22:6e:45:de:34:20,HT,20,2,1,56,77,74,448,49666
1432,0,3a:8d:ef:b5:3b:fc,HT,20,2,1,56,66,70,448,49671
1433,0,3a:8d:ef:b5:3b:fc,HT,20,2,1,56,67,70,448,49671
1434,0,3a:8d:ef:b5:3b:fc,HT,20,2,1,56,67,70,448,49671
1435,0,22:6e:45:de:34:20,HT,20,2,1,56,74,78,448,49666
1436,0,3a:8d:ef:b5:3b:fc,HT,20,2,1,56,67,68,448,49671
1437,0,3a:8d:ef:b5:3b:fc,HT,20,2,1,56,68,67,448,49671
1438,0,3a:8d:ef:b5:3b:fc,HT,20,2,1,56,67,67,448,49671
1439,0,3a:8d:ef:b5:3b:fc,HT,20,2,1,56,67,67,448,49671
1440,0,3a:8d:ef:b5:3b:fc,HT,20,2,1,56,67,68,448,49671
1441,0,3a:8d:ef:b5:3b:fc,HT,20,2,1,56,67,68,448,49671
1442,0,3a:8d:ef:b5:3b:fc,HT,20,2,1,56,67,68,448,49671
1443,0,3a:8d:ef:b5:3b:fc,HT,20,2,1,56,67,68,448,49671
1444,0,3a:8d:ef:b5:3b:fc,HT,20,2,1,56,68,70,448,49671
1445,0,3a:8d:ef:b5:3b:fc,HT,20,2,1,56,68,70,448,49671
1446,0,22:6e:45:de:34:20,HT,20,2,2,56,74,78,896,49682
1447,0,3a:8d:ef:b5:3b:fc,HT,20,2,1,56,69,72,448,49671
1448,0,3a:8d:ef:b5:3b:fc,HT,20,2,1,56,67,72,448,49669
1449,0,22:6e:45:de:34:20,HT,20,2,1,56,75,76,448,49667
1450,0,22:6e:45:de:34:20,HT,20,2,1,56,74,76,448,49667
1451,0,22:6e:45:de:34:20,HT,20,2,1,56,74,76,448,49666
1452,0,22:6e:45:de:34:20,HT,20,2,1,56,74,76,448,49665
1453,0,22:6e:45:de:34:20,HT,20,2,1,56,74,76,448,49665
1454,0,22:6e:45:de:34:20,HT,20,2,1,56,73,79,448,49667
1455,0,3a:8d:ef:b5:3b:fc,HT,20,2,1,56,68,69,448,49671
1456,0,3a:8d:ef:b5:3b:fc,HT,20,2,1,56,69,69,448,49671
1457,0,3a:8d:ef:b5:3b:fc,HT,20,2,1,56,68,68,448,49671
1458,0,3a:8d:ef:b5:3b:fc,HT,20,2,1,56,68,69,448,49671
1459,0,3a:8d:ef:b5:3b:fc,HT,20,2,1,56,68,68,448,49671
1460,0,3a:8d:ef:b5:3b:fc,HT,20,2,1,56,67,67,448,49671
1461,0,3a:8d:ef:b5:3b:fc,HT,20,2,1,56,67,68,448,49671
1462,0,3a:8d:ef:b5:3b:fc,HT,20,2,1,56,67,67,448,49671
1463,0,3a:8d:ef:b5:3b:fc,HT,20,2,1,56,68,69,448,49671
1464,0,3a:8d:ef:b5:3b:fc,HT,20,2,1,56,68,69,448,49671
1465,0,22:6e:45:de:34:20,HT,20,2,1,56,73,80,448,49667
1466,0,22:6e:45:de:34:20,HT,20,2,1,56,73,80,448,49666
1467,0,22:6e:45:de:34:20,HT,20,2,1,56,72,78,448,49666
1468,0,22:6e:45:de:34:20,HT,20,2,1,56,72,79,448,49665
1469,0,22:6e:45:de:34:20,HT,20,2,2,56,74,76,896,49682
1470,0,3a:8d:ef:b5:3b:fc,HT,20,2,1,56,67,72,448,49671
1471,0,3a:8d:ef:b5:3b:fc,HT,20,2,1,56,67,72,448,49671
1472,0,22:6e:45:de:34:20,HT,20,2,1,56,74,74,448,49666
1473,0,3a:8d:ef:b5:3b:fc,HT,20,2,1,56,67,69,448,49671
1474,0,3a:8d:ef:b5:3b:fc,HT,20,2,1,56,67,69,448,49671
1475,0,22:6e:45:de:34:20,HT,20,2,1,56,74,79,448,49666
1476,0,22:6e:45:de:34:20,HT,20,2,1,56,75,77,448,49666
1477,0,22:6e:45:de:34:20,HT,20,2,1,56,74,78,448,49667
1478,0,3a:8d:ef:b5:3b:fc,HT,20,2,1,56,67,70,448,49671
1479,0,3a:8d:ef:b5:3b:fc,HT,20,2,1,56,67,70,448,49671
1480,0,3a:8d:ef:b5:3b:fc,HT,20,2,1,56,68,70,448,49671
1481,0,3a:8d:ef:b5:3b:fc,HT,20,2,1,56,69,70,448,49671
1482,0,3a:8d:ef:b5:3b:fc,HT,20,2,1,56,69,72,448,49671
1483,0,22:6e:45:de:34:20,HT,20,2,1,56,74,76,448,49667
1484,0,3a:8d:ef:b5:3b:fc,HT,20,2,1,56,68,72,448,49671
1485,0,3a:8d:ef:b5:3b:fc,HT,20,2,1,56,68,72,448,49671
1486,0,3a:8d:ef:b5:3b:fc,HT,20,2,1,56,67,70,448,49671
1487,0,3a:8d:ef:b5:3b:fc,HT,20,2,1,56,68,69,448,49671
1488,0,22:6e:45:de:34:20,HT,20,2,1,56,73,76,448,49667
1489,0,3a:8d:ef:b5:3b:fc,HT,20,2,1,56,67,70,448,49669
1490,0,22:6e:45:de:34:20,HT,20,2,1,56,73,76,448,49666
1491,0,22:6e:45:de:34:20,HT,20,2,1,56,73,76,448,49665
1492,0,22:6e:45:de:34:20,HT,20,2,1,56,73,77,448,49665
1493,0,68:72:51:58:79:97,HT,20,2,1,56,77,80,448,180739
1494,0,3a:8d:ef:b5:3b:fc,HT,20,2,1,56,68,73,448,49671
1495,0,3a:8d:ef:b5:3b:fc,HT,20,2,1,56,69,74,448,49671
1496,0,22:6e:45:de:34:20,HT,20,2,1,56,72,78,448,49666
1497,0,22:6e:45:de:34:20,HT,20,2,1,56,73,79,448,49666
1498,0,3a:8d:ef:b5:3b:fc,HT,20,2,1,56,69,70,448,49671
1499,0,3a:8d:ef:b5:3b:fc,HT,20,2,1,56,68,70,448,49671
1500,0,3a:8d:ef:b5:3b:fc,HT,20,2,1,56,68,70,448,49671
1501,0,3a:8d:ef:b5:3b:fc,HT,20,2,1,56,69,71,448,49671
1502,0,3a:8d:ef:b5:3b:fc,HT,20,2,1,56,69,71,448,49671
1503,0,3a:8d:ef:b5:3b:fc,HT,20,2,1,56,69,71,448,49671
1504,0,3a:8d:ef:b5:3b:fc,HT,20,2,1,56,68,74,448,49671
1505,0,68:72:51:58:79:97,HT,20,2,1,56,78,80,448,180740
1506,0,22:6e:45:de:34:20,HT,20,2,1,56,74,77,448,49668
1507,0,68:72:51:58:79:97,HT,20,2,1,56,76,80,448,180738
1508,0,3a:8d:ef:b5:3b:fc,HT,20,2,1,56,67,73,448,49671
1509,0,3a:8d:ef:b5:3b:fc,HT,20,2,1,56,67,73,448,49671
1510,0,3a:8d:ef:b5:3b:fc,HT,20,2,1,56,68,71,448,49671
1511,0,3a:8d:ef:b5:3b:fc,HT,20,2,1,56,67,71,448,49671
1512,0,3a:8d:ef:b5:3b:fc,HT,20,2,1,56,67,68,448,49671
1513,0,3a:8d:ef:b5:3b:fc,HT,20,2,1,56,67,68,448,49671
1514,0,3a:8d:ef:b5:3b:fc,HT,20,2,1,56,67,68,448,49671
1515,0,3a:8d:ef:b5:3b:fc,HT,20,2,1,56,68,68,448,49671
1516,0,3a:8d:ef:b5:3b:fc,HT,20,2,1,56,69,70,448,49671
1517,0,3a:8d:ef:b5:3b:fc,HT,20,2,1,56,68,71,448,49671
1518,0,3a:8d:ef:b5:3b:fc,HT,20,2,1,56,68,74,448,49671
1519,0,3a:8d:ef:b5:3b:fc,HT,20,2,1,56,68,72,448,49671
1520,0,3a:8d:ef:b5:3b:fc,HT,20,2,1,56,69,73,448,49671
1521,0,22:6e:45:de:34:20,HT,20,2,1,56,73,79,448,49668
1522,0,3a:8d:ef:45:38:fc,HT,20,2,1,56,67,72,448,49671
1523,0,3a:8d:ef:b5:3b:fc,HT,20,2,1,56,67,72,448,49671
1524,0,22:6e:45:de:34:20,HT,20,2,1,56,73,82,448,49667
1525,0,3a:8d:ef:b5:3b:fc,HT,20,2,1,56,68,69,448,49671
1526,0,3a:8d:ef:b5:3b:fc,HT,20,2,1,56,68,70,448,49671
1527,0,3a:8d:ef:b5:3b:fc,HT,20,2,1,56,68,71,448,49671
1528,0,3a:8d:ef:b5:3b:fc,HT,20,2,1,56,68,74,448,49671
1529,0,3a:8d:ef:b5:3b:fc,HT,20,2,1,56,67,73,448,49671
1530,0,3a:8d:ef:b5:3b:fc,HT,20,2,1,56,67,72,448,49669
1531,0,3a:8d:ef:b5:3b:fc,HT,20,2,1,56,67,73,448,49671
1532,0,22:6e:45:de:34:20,HT,20,2,1,56,73,78,448,49667
1533,0,3a:8d:ef:b5:3b:fc,HT,20,2,1,56,68,69,448,49671
1534,0,3a:8d:ef:b5:3b:fc,HT,20,2,1,56,69,69,448,49671
1535,0,3a:8d:ef:b5:3b:fc,HT,20,2,1,56,68,68,448,49671
1536,0,22:6e:45:de:34:20,HT,20,2,1,56,73,78,448,49667
1537,0,3a:8d:ef:b5:3b:fc,HT,20,2,1,56,67,74,448,49671
1538,0,3a:8d:ef:b5:3b:fc,HT,20,2,1,56,68,74,448,49671
1539,0,3a:8d:ef:b5:3b:fc,HT,20,2,1,56,67,72,448,49669
1540,0,3a:8d:ef:b5:3b:fc,HT,20,2,1,56,68,73,448,49671
1541,0,3a:8d:ef:b5:3b:fc,HT,20,2,1,56,67,72,448,49671
1542,0,3a:8d:ef:b5:3b:fc,HT,20,2,1,56,67,72,448,49671
1543,0,3a:8d:ef:b5:3b:fc,HT,20,2,1,56,67,72,448,49671
1544,0,3a:8d:ef:b5:3b:fc,HT,20,2,1,56,67,72,448,49671
1545,0,3a:8d:ef:b5:3b:fc,HT,20,2,1,56,67,72,448,49671
1546,0,3a:8d:ef:b5:3b:fc,HT,20,2,1,56,67,72,448,49671
1547,0,3a:8d:ef:b5:3b:fc,HT,20,2,1,56,67,72,448,49671
1548,0,3a:8d:ef:b5:3b:fc,HT,20,2,1,56,67,71,448,49671
1549,0,3a:8d:ef:b5:3b:fc,HT,20,2,1,56,67,70,448,49671
1550,0,3a:8d:ef:b5:3b:fc,HT,20,2,1,56,67,71,448,49671
1551,0,3a:8d:ef:b5:3b:fc,HT,20,2,1,56,67,70,448,49669
1552,0,3a:8d:ef:b5:3b:fc,HT,20,2,1,56,67,69,448,49669
1553,0,3a:8d:ef:b5:3b:fc,HT,20,2,1,56,67,70,448,49667
1554,0,3a:8d:ef:b5:3b:fc,HT,20,2,1,56,67,70,448,49667
1555,0,3a:8d:ef:b5:3b:fc,HT,20,2,1,56,67,70,448,49671
1556,0,3a:8d:ef:b5:3b:fc,HT,20,2,1,56,67,69,448,49671
1557,0,3a:8d:ef:b5:3b:fc,HT,20,2,1,56,67,69,448,49671
1558,0,3a:8d:ef:b5:3b:fc,HT,20,2,1,56,67,69,448,49669
1559,0,3a:8d:ef:b5:3b:fc,HT,20,2,1,56,67,69,448,49669
1560,0,3a:8d:ef:b5:3b:fc,HT,20,2,1,56,68,69,448,49667
1561,0,3a:8d:ef:b5:3b:fc,HT,20,2,1,56,68,69,448,49671
1562,0,3a:8d:ef:b5:3b:fc,HT,20,2,1,56,68,69,448,49671
1563,0,3a:8d:ef:b5:3b:fc,HT,20,2,1,56,67,68,448,49669
1564,0,3a:8d:ef:b5:3b:fc,HT,20,2,1,56,67,68,448,49669
1565,0,3a:8d:ef:b5:3b:fc,HT,20,2,1,56,68,68,448,49671
1566,0,22:6e:45:de:34:20,HT,20,2,1,56,73,78,448,49666
1567,0,22:6e:45:de:34:20,HT,20,2,1,56,74,78,448,49667
1568,0,22:6e:45:de:34:20,HT,20,2,1,56,73,77,448,49666
1569,0,22:6e:45:de:34:20,HT,20,2,1,56,74,77,448,49666
1570,0,3a:8d:ef:b5:3b:fc,HT,20,2,1,56,69,73,448,49671
1571,0,3a:8d:ef:b5:3b:fc,HT,20,2,1,56,69,72,448,49671
1572,0,3a:8d:ef:b5:3b:fc,HT,20,2,1,56,67,72,448,49671
1573,0,22:6e:45:de:34:20,HT,20,2,1,56,73,78,448,49667
1574,0,22:6e:45:de:34:20,HT,20,2,1,56,74,75,448,49667
1575,0,3a:8d:ef:b5:3b:fc,HT,20,2,1,56,68,70,448,49671
1576,0,3a:8d:ef:b5:3b:fc,HT,20,2,1,56,68,70,448,49671
1577,0,3a:8d:ef:b5:3b:fc,HT,20,2,1,56,68,69,448,49671
1578,0,3a:8d:ef:b5:3b:fc,HT,20,2,1,56,68,69,448,49669
1579,0,3a:8d:ef:b5:3b:fc,HT,20,2,1,56,67,73,448,49667
1580,0,3a:4d:ef:b5:3b:fc,HT,20,2,1,56,68,73,448,49671
1581,0,3a:8d:ef:b5:3b:fc,HT,20,2,1,56,68,74,448,49671
1582,0,3a:8d:ef:b5:3b:fc,HT,20,2,1,56,69,72,448,49671
1583,0,22:6e:45:de:34:20,HT,20,2,1,56,75,79,448,49667
1584,0,3a:8d:ef:b5:3b:fc,HT,20,2,1,56,68,68,448,49671
1585,0,3a:8d:ef:b5:3b:fc,HT,20,2,1,56,67,70,448,49671
1586,0,3a:8d:ef:b5:3b:fc,HT,20,2,1,56,68,71,448,49671
1587,0,3a:8d:ef:b5:3b:fc,HT,20,2,1,56,68,73,448,49671
1588,0,3a:8d:ef:b5:3b:fc,HT,20,2,1,56,68,71,448,49671
1589,0,3a:8d:ef:b5:3b:fc,HT,20,2,1,56,68,73,448,49671
1590,0,22:6e:45:de:34:20,HT,20,2,1,56,74,79,448,49667
1591,0,3a:8d:ef:b5:3b:fc,HT,20,2,1,56,67,68,448,49671
1592,0,3a:8d:ef:b5:3b:fc,HT,20,2,1,56,67,68,448,49671
1593,0,22:6e:45:de:34:20,HT,20,2,1,56,75,82,448,49667
1594,0,22:6e:45:de:34:20,HT,20,2,1,56,74,81,448,49667
1595,0,22:6e:45:de:34:20,HT,20,2,1,56,73,80,448,49666
1596,0,22:6e:45:de:34:20,HT,20,2,1,56,73,80,448,49666
1597,0,3a:8d:ef:b5:3b:fc,HT,20,2,1,56,68,73,448,49671
1598,0,3a:8d:ef:b5:3b:fc,HT,20,2,1,56,68,73,448,49671
1599,0,3a:8d:ef:b5:3b:fc,HT,20,2,1,56,68,73,448,49671
1600,0,3a:8d:ef:b5:3b:fc,HT,20,2,1,56,68,72,448,49671
1601,0,3a:8d:ef:b5:3b:fc,HT,20,2,1,56,68,73,448,49671
1602,0,22:6e:45:de:34:20,HT,20,2,1,56,73,77,448,49667
1603,0,22:6e:45:de:34:20,HT,20,2,1,56,73,76,448,49666
1604,0,22:6e:45:de:34:20,HT,20,2,1,56,74,75,448,49666
1605,0,3a:8d:ef:c6:9f:ee,HT,20,2,1,56,68,72,448,49671
1606,0,3a:8d:ef:b5:3b:fc,HT,20,2,1,56,68,72,448,49671
1607,0,3a:8d:ef:b5:3b:fc,HT,20,2,1,56,69,72,448,49671
1608,0,3a:8d:ef:b5:3b:fc,HT,20,2,1,56,68,72,448,49671
1609,0,3a:8d:ef:b5:3b:fc,HT,20,2,1,56,67,72,448,49671
1610,0,3a:8d:ef:b5:3b:fc,HT,20,2,1,56,68,73,448,49671
1611,0,3a:8d:ef:b5:3b:fc,HT,20,2,1,56,67,70,448,49671
1612,0,3a:8d:ef:b5:3b:fc,HT,20,2,1,56,68,70,448,49671
1613,0,3a:8d:ef:b5:3b:fc,HT,20,2,1,56,68,69,448,49671
1614,0,68:72:51:58:79:97,HT,20,2,1,56,78,78,448,180740
1615,0,22:6e:45:de:34:20,HT,20,2,1,56,74,77,448,49667
1616,0,3a:8d:ef:b5:3b:fc,HT,20,2,1,56,67,71,448,49671
1617,0,3a:8d:ef:b5:3b:fc,HT,20,2,1,56,67,71,448,49671
1618,0,3a:8d:ef:b5:3b:fc,HT,20,2,1,56,67,70,448,49671
1619,0,3a:8d:ef:b5:3b:fc,HT,20,2,1,56,67,70,448,49671
1620,0,3a:8d:ef:b5:3b:fc,HT,20,2,1,56,68,68,448,49671
1621,0,3a:8d:ef:b5:3b:fc,HT,20,2,1,56,68,68,448,49671
1622,0,3a:8d:ef:b5:3b:fc,HT,20,2,1,56,68,68,448,49671
1623,0,3a:8d:ef:b5:3b:fc,HT,20,2,1,56,67,70,448,49671
1624,0,3a:8d:ef:b5:3b:fc,HT,20,2,1,56,68,70,448,49671
1625,0,3a:8d:ef:b5:3b:fc,HT,20,2,1,56,67,70,448,49671
1626,0,3a:8d:ef:b5:3b:fc,HT,20,2,1,56,68,70,448,49671
1627,0,3a:8d:ef:b5:3b:fc,HT,20,2,1,56,68,71,448,49671
1628,0,22:6e:45:de:34:20,HT,20,2,1,56,74,79,448,49667
1629,0,22:6e:45:de:34:20,HT,20,2,1,56,74,76,448,49666
1630,0,22:6e:45:de:34:20,HT,20,2,1,56,75,77,448,49666
1631,0,3a:8d:ef:b5:3b:fc,HT,20,2,1,56,69,72,448,49671
1632,0,3a:8d:ef:b5:3b:fc,HT,20,2,1,56,69,73,448,49671
1633,0,3a:8d:ef:b5:3b:fc,HT,20,2,1,56,67,69,448,49669
1634,0,3a:8d:ef:b5:3b:fc,HT,20,2,1,56,68,68,448,49671
1635,0,3a:8d:ef:b5:3b:fc,HT,20,2,1,56,68,68,448,49671
1636,0,22:6e:45:de:34:20,HT,20,2,1,56,74,78,448,49667
1637,0,22:6e:45:de:34:20,HT,20,2,1,56,74,77,448,49666
1638,0,3a:8d:ef:b5:3b:fc,HT,20,2,1,56,67,73,448,49671
1639,0,3a:8d:ef:b5:3b:fc,HT,20,2,1,56,67,73,448,49671
1640,0,3a:8d:ef:b5:3b:fc,HT,20,2,1,56,67,72,448,49671
1641,0,3a:8d:ef:b5:3b:fc,HT,20,2,1,56,67,72,448,49671
1642,0,3a:8d:ef:b5:3b:fc,HT,20,2,1,56,67,72,448,49669
1643,0,3a:8d:ef:b5:3b:fc,HT,20,2,1,56,67,72,448,49669
1644,0,3a:8d:ef:b5:3b:fc,HT,20,2,1,56,67,73,448,49671
1645,0,3a:8d:ef:b5:3b:fc,HT,20,2,1,56,69,72,448,49671
1646,0,3a:8d:ef:b5:3b:fc,HT,20,2,1,56,67,72,448,49671
1647,0,3a:8d:ef:b5:3b:fc,HT,20,2,1,56,67,72,448,49671
1648,0,3a:8d:ef:b5:3b:fc,HT,20,2,1,56,67,72,448,49671
1649,0,d4:3b:04:9a:7c:70,HT,20,2,1,56,70,73,448,180742
1650,0,3a:8d:ef:b5:3b:fc,HT,20,2,1,56,68,69,448,49671
1651,0,22:6e:45:de:34:20,HT,20,2,1,56,74,76,448,49667
1652,0,22:6e:45:de:34:20,HT,20,2,1,56,73,75,448,49666
1653,0,3a:8d:ef:b5:3b:fc,HT,20,2,1,56,68,72,448,49671
1654,0,3a:8d:ef:b5:3b:fc,HT,20,2,1,56,68,73,448,49671
1655,0,22:6e:45:de:34:20,HT,20,2,2,56,72,78,896,49684
1656,0,3a:8d:ef:b5:3b:fc,HT,20,2,1,56,69,71,448,49671
1657,0,3a:8d:ef:b5:3b:fc,HT,20,2,1,56,69,71,448,49671
1658,0,3a:8d:ef:b5:3b:fc,HT,20,2,1,56,67,72,448,49671
1659,0,3a:8d:ef:b5:3b:fc,HT,20,2,1,56,67,72,448,49671
1660,0,3a:8d:ef:b5:3b:fc,HT,20,2,1,56,67,71,448,49671
1661,0,3a:8d:ef:b5:3b:fc,HT,20,2,1,56,68,68,448,49671
1662,0,3a:8d:ef:b5:3b:fc,HT,20,2,1,56,68,68,448,49671
1663,0,3a:8d:ef:b5:3b:fc,HT,20,2,1,56,68,68,448,49671
1664,0,3a:8d:ef:b5:3b:fc,HT,20,2,1,56,67,71,448,49671
1665,0,3a:8d:ef:b5:3b:fc,HT,20,2,1,56,67,73,448,49669
1666,0,3a:8d:ef:b5:3b:fc,HT,20,2,1,56,68,74,448,49671
1667,0,3a:8d:ef:b5:3b:fc,HT,20,2,1,56,68,73,448,49671
1668,0,3a:8d:ef:b5:3b:fc,HT,20,2,1,56,68,72,448,49669
1669,0,3a:8d:ef:b5:3b:fc,HT,20,2,1,56,67,73,448,49669
1670,0,22:6e:45:de:34:20,HT,20,2,1,56,75,76,448,49667
1671,0,3a:8d:ef:b5:3b:fc,HT,20,2,1,56,69,72,448,49671
1672,0,3a:8d:ef:b5:3b:fc,HT,20,2,1,56,69,72,448,49671
1673,0,3a:8d:ef:b5:3b:fc,HT,20,2,1,56,69,73,448,49671
1674,0,3a:8d:ef:b5:3b:fc,HT,20,2,1,56,68,73,448,49671
1675,0,3a:8d:ef:b5:3b:fc,HT,20,2,1,56,69,73,448,49671
1676,0,3a:8d:ef:b5:3b:fc,HT,20,2,1,56,68,73,448,49669
1677,0,3a:8d:ef:b5:3b:fc,HT,20,2,1,56,67,71,448,49671
1678,0,22:6e:45:de:34:20,HT,20,2,1,56,73,73,448,49667
1679,0,d4:3b:04:9a:7c:70,HT,20,2,1,56,72,73,448,180742
1680,0,d4:3b:04:9a:7c:70,HT,20,2,1,56,73,70,448,180742
1681,0,d4:3b:04:9a:7c:70,HT,20,2,1,56,72,71,448,180741
1682,0,d4:3b:04:9a:7c:70,HT,20,2,1,56,73,71,448,180741
1683,0,3a:8d:ef:b5:3b:fc,HT,20,2,1,56,68,73,448,49671
1684,0,3a:8d:ef:b5:3b:fc,HT,20,2,1,56,68,73,448,49671
1685,0,3a:8d:ef:b5:3b:fc,HT,20,2,1,56,68,74,448,49671
1686,0,3a:8d:ef:b5:3b:fc,HT,20,2,1,56,68,72,448,49671
1687,0,3a:8d:ef:b5:3b:fc,HT,20,2,1,56,67,73,448,49671
1688,0,22:6e:45:de:34:20,HT,20,2,1,56,74,77,448,49667
1689,0,3a:8d:ef:b5:3b:fc,HT,20,2,1,56,68,73,448,49671
1690,0,3a:8d:ef:b5:3b:fc,HT,20,2,1,56,68,72,448,49671
1691,0,3a:8d:ef:b5:3b:fc,HT,20,2,1,56,66,72,448,49671
1692,0,68:72:51:58:79:97,HT,20,2,1,56,77,82,448,180739
1693,0,3a:8d:ef:b5:3b:fc,HT,20,2,1,56,66,72,448,49671
1694,0,3a:8d:ef:b5:3b:fc,HT,20,2,1,56,67,71,448,49671
1695,0,3a:8d:ef:b5:3b:fc,HT,20,2,1,56,67,71,448,49671
1696,0,3a:8d:ef:b5:3b:fc,HT,20,2,1,56,68,71,448,49671
1697,0,3a:8d:ef:b5:3b:fc,HT,20,2,1,56,68,70,448,49671
1698,0,3a:8d:ef:b5:3b:fc,HT,20,2,1,56,69,70,448,49671
1699,0,22:6e:45:de:34:20,HT,20,2,1,56,74,76,448,49668
1700,0,3a:8d:ef:b5:3b:fc,HT,20,2,1,56,67,71,448,49667
1701,0,3a:8d:ef:b5:3b:fc,HT,20,2,1,56,67,70,448,49671
1702,0,3a:8d:ef:b5:3b:fc,HT,20,2,1,56,68,72,448,49671
1703,0,3a:8d:ef:b5:3b:fc,HT,20,2,1,56,68,72,448,49671
1704,0,22:6e:45:de:34:20,HT,20,2,1,56,75,78,448,49667
1705,0,22:6e:45:de:34:20,HT,20,2,1,56,75,76,448,49666
1706,0,22:6e:45:de:34:20,HT,20,2,1,56,73,78,448,49668
1707,0,3a:8d:ef:b5:3b:fc,HT,20,2,1,56,69,74,448,49671
1708,0,3a:8d:ef:b5:3b:fc,HT,20,2,1,56,67,73,448,49669
1709,0,3a:8d:ef:b5:3b:fc,HT,20,2,1,56,67,74,448,49671
1710,0,3a:8d:ef:b5:3b:fc,HT,20,2,1,56,67,72,448,49671
1711,0,3a:8d:ef:b5:3b:fc,HT,20,2,1,56,68,69,448,49671
1712,0,3a:8d:ef:b5:3b:fc,HT,20,2,1,56,68,69,448,49671
1713,0,3a:8d:ef:b5:3b:fc,HT,20,2,1,56,68,69,448,49671
1714,0,3a:8d:ef:b5:3b:fc,HT,20,2,1,56,68,69,448,49671
1715,0,3a:8d:ef:b5:3b:fc,HT,20,2,1,56,67,69,448,49671
1716,0,68:72:51:58:79:97,HT,20,2,1,56,77,82,448,180739
1717,0,3a:8d:ef:b5:3b:fc,HT,20,2,1,56,67,69,448,49671
1718,0,3a:8d:ef:b5:3b:fc,HT,20,2,1,56,68,69,448,49671
1719,0,3a:8d:ef:b5:3b:fc,HT,20,2,1,56,67,71,448,49671
1720,0,3a:8d:ef:b5:3b:fc,HT,20,2,1,56,67,71,448,49671
1721,0,3a:8d:ef:b5:3b:fc,HT,20,2,1,56,67,71,448,49671
1722,0,3a:8d:ef:b5:3b:fc,HT,20,2,1,56,67,71,448,49671
1723,0,3a:8d:ef:b5:3b:fc,HT,20,2,1,56,67,72,448,49671
1724,0,d4:3b:04:9a:7c:70,HT,20,2,1,56,72,68,448,180742
1725,0,3a:8d:ef:b5:3b:fc,HT,20,2,1,56,68,75,448,49671
1726,0,3a:8d:ef:b5:3b:fc,HT,20,2,1,56,68,75,448,49671
1727,0,3a:8d:ef:b5:3b:fc,HT,20,2,1,56,68,74,448,49671
1728,0,3a:8d:ef:b5:3b:fc,HT,20,2,1,56,68,74,448,49671
1729,0,3a:8d:ef:b5:3b:fc,HT,20,2,1,56,68,74,448,49671
1730,0,d4:3b:04:9a:7c:70,HT,20,2,1,56,72,75,448,180742
1731,0,3a:8d:ef:b5:3b:fc,HT,20,2,1,56,68,73,448,49671
1732,0,3a:8d:ef:b5:3b:fc,HT,20,2,1,56,67,74,448,49671
1733,0,3a:8d:ef:b5:3b:fc,HT,20,2,1,56,67,73,448,49671
1734,0,22:6e:45:de:34:20,HT,20,2,1,56,75,76,448,49667
1735,0,22:6e:45:de:34:20,HT,20,2,1,56,73,76,448,49667
1736,0,22:6e:45:de:34:20,HT,20,2,1,56,73,76,448,49666
1737,0,3a:8d:ef:b5:3b:fc,HT,20,2,1,56,68,68,448,49671
1738,0,22:6e:45:de:34:20,HT,20,2,1,56,74,77,448,49666
1739,0,22:6e:45:de:34:20,HT,20,2,1,56,74,76,448,49666
1740,0,22:6e:45:de:34:20,HT,20,2,1,56,73,76,448,49666
1741,0,22:6e:45:de:34:20,HT,20,2,1,56,73,76,448,49667
1742,0,3a:8d:ef:b5:3b:fc,HT,20,2,1,56,68,70,448,49671
1743,0,3a:8d:ef:b5:3b:fc,HT,20,2,1,56,67,69,448,49671
1744,0,3a:8d:ef:b5:3b:fc,HT,20,2,1,56,67,69,448,49671
1745,0,3a:8d:ef:b5:3b:fc,HT,20,2,1,56,67,71,448,49671
1746,0,68:72:51:58:79:97,HT,20,2,1,56,77,79,448,180740
1747,0,3a:8d:ef:b5:3b:fc,HT,20,2,1,56,68,71,448,49671
1748,0,3a:8d:ef:b5:3b:fc,HT,20,2,1,56,69,73,448,49671
1749,0,3a:8d:ef:b5:3b:fc,HT,20,2,1,56,67,75,448,49671
1750,0,3a:8d:ef:b5:3b:fc,HT,20,2,1,56,68,74,448,49671
1751,0,22:6e:45:de:34:20,HT,20,2,1,56,73,77,448,49667
1752,0,3a:8d:ef:b5:3b:fc,HT,20,2,1,56,68,74,448,49671
1753,0,3a:8d:ef:b5:3b:fc,HT,20,2,1,56,68,74,448,49671
1754,0,3a:8d:ef:b5:3b:fc,HT,20,2,1,56,67,74,448,49669
1755,0,3a:8d:ef:b5:3b:fc,HT,20,2,1,56,67,74,448,49669
1756,0,3a:8d:ef:b5:3b:fc,HT,20,2,1,56,67,73,448,49667
1757,0,3a:8d:ef:b5:3b:fc,HT,20,2,1,56,67,73,448,49667
1758,0,3a:8d:ef:b5:3b:fc,HT,20,2,1,56,67,73,448,49665
1759,0,3a:8d:ef:b5:3b:fc,HT,20,2,1,56,67,74,448,49671
1760,0,3a:8d:ef:b5:3b:fc,HT,20,2,1,56,67,73,448,49671
1761,0,22:6e:45:de:34:20,HT,20,2,1,56,74,76,448,49667
1762,0,3a:8d:ef:b5:3b:fc,HT,20,2,1,56,66,71,448,49671
1763,0,3a:8d:ef:b5:3b:fc,HT,20,2,1,56,66,72,448,49671
1764,0,3a:8d:ef:b5:3b:fc,HT,20,2,1,56,66,72,448,49671
1765,0,3a:8d:ef:b5:3b:fc,HT,20,2,1,56,67,71,448,49671
1766,0,3a:8d:ef:b5:3b:fc,HT,20,2,1,56,68,70,448,49671
1767,0,3a:8d:ef:b5:3b:fc,HT,20,2,1,56,68,70,448,49671
1768,0,3a:8d:ef:b5:3b:fc,HT,20,2,1,56,68,69,448,49671
1769,0,22:6e:45:de:34:20,HT,20,2,1,56,73,75,448,49667
1770,0,22:6e:45:de:34:20,HT,20,2,1,56,74,74,448,49666
1771,0,22:6e:45:de:34:20,HT,20,2,1,56,76,74,448,49666
1772,0,3a:8d:ef:b5:3b:fc,HT,20,2,1,56,69,76,448,49671
1773,0,3a:8d:ef:b5:3b:fc,HT,20,2,1,56,68,77,448,49671
1774,0,3a:8d:ef:b5:3b:fc,HT,20,2,1,56,68,75,448,49671
1775,0,3a:8d:ef:b5:3b:fc,HT,20,2,1,56,68,74,448,49667
1776,0,3a:8d:ef:b5:3b:fc,HT,20,2,1,56,69,75,448,49671
1777,0,3a:8d:ef:b5:3b:fc,HT,20,2,1,56,69,74,448,49671
1778,0,d4:3b:04:9a:7c:70,HT,20,2,1,56,73,71,448,180741
1779,0,3a:8d:ef:b5:3b:fc,HT,20,2,1,56,68,73,448,49671
1780,0,3a:8d:ef:b5:3b:fc,HT,20,2,1,56,67,74,448,49671
1781,0,3a:8d:ef:b5:3b:fc,HT,20,2,1,56,67,74,448,49671
1782,0,3a:8d:ef:b5:3b:fc,HT,20,2,1,56,67,73,448,49671
1783,0,3a:8d:ef:b5:3b:fc,HT,20,2,1,56,67,73,448,49669
1784,0,3a:8d:ef:b5:3b:fc,HT,20,2,1,56,66,73,448,49669
1785,0,3a:8d:ef:b5:3b:fc,HT,20,2,1,56,67,75,448,49671
1786,0,3a:8d:ef:b5:3b:fc,HT,20,2,1,56,68,75,448,49671
1787,0,3a:8d:ef:b5:3b:fc,HT,20,2,1,56,68,73,448,49669
1788,0,3a:8d:ef:b5:3b:fc,HT,20,2,1,56,67,73,448,49669
1789,0,3a:8d:ef:b5:3b:fc,HT,20,2,1,56,68,73,448,49667
1790,0,22:6e:45:de:34:20,HT,20,2,1,56,75,78,448,49668
1791,0,3a:8d:ef:b5:3b:fc,HT,20,2,1,56,68,70,448,49671
1792,0,3a:8d:ef:b5:3b:fc,HT,20,2,1,56,68,71,448,49671
1793,0,3a:8d:ef:b5:3b:fc,HT,20,2,1,56,67,71,448,49671
1794,0,3a:8d:ef:b5:3b:fc,HT,20,2,1,56,67,75,448,49671
1795,0,3a:8d:ef:b5:3b:fc,HT,20,2,1,56,67,74,448,49671
1796,0,22:6e:45:de:34:20,HT,20,2,1,56,72,78,448,49666
1797,0,3a:8d:ef:b5:3b:fc,HT,20,2,1,56,66,70,448,49669
1798,0,22:6e:45:de:34:20,HT,20,2,1,56,74,77,448,49667
1799,0,3a:8d:ef:b5:3b:fc,HT,20,2,1,56,67,70,448,49667
1800,0,3a:8d:ef:b5:3b:fc,HT,20,2,1,56,67,70,448,49671
1801,0,22:6e:45:de:34:20,HT,20,2,1,56,74,75,448,49666
1802,0,3a:8d:ef:b5:3b:fc,HT,20,2,1,56,67,68,448,49669
1803,0,3a:8d:ef:b5:3b:fc,HT,20,2,1,56,67,71,448,49671
1804,0,3a:8d:ef:b5:3b:fc,HT,20,2,1,56,68,76,448,49671
1805,0,3a:8d:ef:b5:3b:fc,HT,20,2,1,56,67,74,448,49671
1806,0,3a:8d:ef:b5:3b:fc,HT,20,2,1,56,67,74,448,49671
1807,0,3a:8d:ef:b5:3b:fc,HT,20,2,1,56,68,73,448,49671
1808,0,3a:8d:ef:b5:3b:fc,HT,20,2,1,56,68,73,448,49671
1809,0,3a:8d:ef:b5:3b:fc,HT,20,2,1,56,68,74,448,49671
1810,0,3a:8d:ef:b5:3b:fc,HT,20,2,1,56,68,74,448,49671
1811,0,3a:8d:ef:b5:3b:fc,HT,20,2,1,56,67,72,448,49669
1812,0,3a:8d:ef:b5:3b:fc,HT,20,2,1,56,67,72,448,49671
1813,0,3a:8d:ef:b5:3b:fc,HT,20,2,1,56,67,72,448,49671
1814,0,3a:8d:ef:b5:3b:fc,HT,20,2,1,56,68,70,448,49671
1815,0,3a:8d:ef:b5:3b:fc,HT,20,2,1,56,67,70,448,49671
1816,0,3a:8d:ef:b5:3b:fc,HT,20,2,1,56,67,69,448,49669
1817,0,3a:8d:ef:b5:3b:fc,HT,20,2,1,56,68,69,448,49669
1818,0,3a:8d:ef:b5:3b:fc,HT,20,2,1,56,68,69,448,49667
1819,0,3a:8d:ef:b5:3b:fc,HT,20,2,1,56,68,69,448,49671
1820,0,3a:8d:ef:b5:3b:fc,HT,20,2,1,56,67,69,448,49671
1821,0,3a:8d:ef:b5:3b:fc,HT,20,2,1,56,68,69,448,49671
1822,0,3a:8d:ef:b5:3b:fc,HT,20,2,1,56,67,69,448,49671
1823,0,3a:8d:ef:b5:3b:fc,HT,20,2,1,56,68,69,448,49671
1824,0,3a:8d:ef:b5:3b:fc,HT,20,2,1,56,67,68,448,49671
1825,0,3a:8d:ef:b5:3b:fc,HT,20,2,1,56,67,68,448,49671
1826,0,3a:8d:ef:b5:3b:fc,HT,20,2,1,56,67,69,448,49671
1827,0,3a:8d:ef:b5:3b:fc,HT,20,2,1,56,67,68,448,49671
1828,0,3a:8d:ef:b5:3b:fc,HT,20,2,1,56,67,68,448,49671
1829,0,3a:8d:ef:b5:3b:fc,HT,20,2,1,56,67,68,448,49671
1830,0,3a:8d:ef:b5:3b:fc,HT,20,2,1,56,67,68,448,49671
1831,0,3a:8d:ef:b5:3b:fc,HT,20,2,1,56,67,72,448,49671
1832,0,3a:8d:ef:b5:3b:fc,HT,20,2,1,56,68,72,448,49671
1833,0,3a:8d:ef:b5:3b:fc,HT,20,2,1,56,68,72,448,49671
1834,0,3a:8d:ef:b5:3b:fc,HT,20,2,1,56,68,73,448,49671
1835,0,3a:8d:ef:b5:3b:fc,HT,20,2,1,56,67,74,448,49671
1836,0,3a:8d:ef:b5:3b:fc,HT,20,2,1,56,68,72,448,49671
1837,0,3a:8d:ef:b5:3b:fc,HT,20,2,1,56,68,72,448,49669
1838,0,3a:8d:ef:b5:3b:fc,HT,20,2,1,56,68,72,448,49669
1839,0,3a:8d:ef:b5:3b:fc,HT,20,2,1,56,68,72,448,49667
1840,0,3a:8d:ef:b5:3b:fc,HT,20,2,1,56,68,72,448,49667
1841,0,3a:8d:ef:b5:3b:fc,HT,20,2,1,56,68,71,448,49665
1842,0,d4:3b:04:9a:7c:70,HT,20,2,1,56,73,71,448,180741
1843,0,22:6e:45:de:34:20,HT,20,2,1,56,73,76,448,49667
1844,0,3a:8d:ef:b5:3b:fc,HT,20,2,1,56,67,70,448,49671
1845,0,3a:8d:ef:b5:3b:fc,HT,20,2,1,56,67,70,448,49671
1846,0,3a:8d:ef:b5:3b:fc,HT,20,2,1,56,67,70,448,49671
1847,0,3a:8d:ef:b5:3b:fc,HT,20,2,1,56,67,70,448,49671
1848,0,3a:8d:ef:b5:3b:fc,HT,20,2,1,56,67,71,448,49671
1849,0,3a:8d:ef:b5:3b:fc,HT,20,2,1,56,68,72,448,49671
1850,0,3a:8d:ef:b5:3b:fc,HT,20,2,1,56,68,73,448,49671
1851,0,3a:8d:ef:b5:3b:fc,HT,20,2,1,56,68,74,448,49671
1852,0,3a:8d:ef:b5:3b:fc,HT,20,2,1,56,68,75,448,49671
1853,0,3a:8d:ef:b5:3b:fc,HT,20,2,1,56,67,74,448,49671
1854,0,3a:8d:ef:b5:3b:fc,HT,20,2,1,56,66,70,448,49671
1855,0,3a:8d:ef:b5:3b:fc,HT,20,2,1,56,67,70,448,49671
1856,0,3a:8d:ef:b5:3b:fc,HT,20,2,1,56,67,69,448,49671
1857,0,3a:8d:ef:b5:3b:fc,HT,20,2,1,56,67,69,448,49671
1858,0,3a:8d:ef:b5:3b:fc,HT,20,2,1,56,67,68,448,49671
1859,0,3a:8d:ef:b5:3b:fc,HT,20,2,1,56,67,71,448,49671
1860,0,3a:8d:ef:b5:3b:fc,HT,20,2,1,56,67,73,448,49671
1861,0,3a:8d:ef:b5:3b:fc,HT,20,2,1,56,68,73,448,49671
1862,0,3a:8d:ef:b5:3b:fc,HT,20,2,1,56,67,72,448,49671
1863,0,3a:8d:ef:b5:3b:fc,HT,20,2,1,56,67,72,448,49671
1864,0,3a:8d:ef:b5:3b:fc,HT,20,2,1,56,67,72,448,49671
1865,0,3a:8d:ef:b5:3b:fc,HT,20,2,1,56,69,72,448,49671
1866,0,3a:8d:ef:b5:3b:fc,HT,20,2,1,56,69,72,448,49671
1867,0,3a:8d:ef:b5:3b:fc,HT,20,2,1,56,68,72,448,49671
1868,0,3a:8d:ef:b5:3b:fc,HT,20,2,1,56,68,72,448,49671
1869,0,3a:8d:ef:b5:3b:fc,HT,20,2,1,56,67,72,448,49671
1870,0,68:72:51:58:79:97,HT,20,2,1,56,75,80,448,180740
1871,0,3a:8d:ef:b5:3b:fc,HT,20,2,1,56,66,72,448,49671
1872,0,3a:8d:ef:b5:3b:fc,HT,20,2,1,56,66,71,448,49671
1873,0,3a:8d:ef:b5:3b:fc,HT,20,2,1,56,66,71,448,49671
1874,0,3a:8d:ef:b5:3b:fc,HT,20,2,1,56,66,71,448,49671
1875,0,3a:8d:ef:b5:3b:fc,HT,20,2,1,56,67,67,448,49671
1876,0,3a:8d:ef:b5:3b:fc,HT,20,2,1,56,67,68,448,49671
1877,0,3a:8d:ef:b5:3b:fc,HT,20,2,1,56,67,70,448,49671
1878,0,22:6e:45:de:34:20,HT,20,2,1,56,73,76,448,49667
1879,0,68:72:51:58:79:97,HT,20,2,1,56,78,81,448,180740
1880,0,3a:8d:ef:b5:3b:fc,HT,20,2,1,56,67,72,448,49671
1881,0,3a:8d:ef:b5:3b:fc,HT,20,2,1,56,66,73,448,49671
1882,0,3a:8d:ef:b5:3b:fc,HT,20,2,1,56,68,71,448,49669
1883,0,3a:8d:ef:b5:3b:fc,HT,20,2,1,56,67,71,448,49669
1884,0,3a:8d:ef:b5:3b:fc,HT,20,2,1,56,68,71,448,49667
1885,0,22:6e:45:de:34:20,HT,20,2,1,56,73,74,448,49668
1886,0,3a:8d:ef:b5:3b:fc,HT,20,2,1,56,66,72,448,49671
1887,0,3a:8d:ef:b5:3b:fc,HT,20,2,1,56,66,72,448,49671
1888,0,3a:8d:ef:b5:3b:fc,HT,20,2,1,56,66,72,448,49671
1889,0,3a:8d:ef:b5:3b:fc,HT,20,2,1,56,66,71,448,49671
1890,0,3a:8d:ef:b5:3b:fc,HT,20,2,1,56,66,72,448,49671
1891,0,3a:8d:ef:b5:3b:fc,HT,20,2,1,56,66,72,448,49671
1892,0,3a:8d:ef:b5:3b:fc,HT,20,2,1,56,66,71,448,49669
1893,0,3a:8d:ef:b5:3b:fc,HT,20,2,1,56,66,72,448,49669
1894,0,3a:8d:ef:b5:3b:fc,HT,20,2,1,56,65,71,448,49667
1895,0,3a:8d:ef:b5:3b:fc,HT,20,2,1,56,66,72,448,49671
1896,0,3a:8d:ef:b5:3b:fc,HT,20,2,1,56,66,71,448,49671
1897,0,3a:8d:ef:b5:3b:fc,HT,20,2,1,56,66,70,448,49671
1898,0,3a:8d:ef:b5:3b:fc,HT,20,2,1,56,67,69,448,49671
1899,0,68:72:51:58:79:97,HT,20,2,1,56,77,82,448,180739
1900,0,3a:8d:ef:b5:3b:fc,HT,20,2,1,56,67,68,448,49671
1901,0,3a:8d:ef:b5:3b:fc,HT,20,2,1,56,67,68,448,49671
1902,0,3a:8d:ef:b5:3b:fc,HT,20,2,1,56,67,68,448,49671
1903,0,3a:8d:ef:b5:3b:fc,HT,20,2,1,56,67,72,448,49671
1904,0,3a:8d:ef:b5:3b:fc,HT,20,2,1,56,68,71,448,49671
1905,0,22:6e:45:de:34:20,HT,20,2,1,56,73,76,448,49667
1906,0,3a:8d:ef:b5:3b:fc,HT,20,2,1,56,67,73,448,49671
1907,0,3a:8d:ef:b5:3b:fc,HT,20,2,1,56,67,73,448,49671
1908,0,3a:8d:ef:b5:3b:fc,HT,20,2,1,56,67,74,448,49671
1909,0,3a:8d:ef:b5:3b:fc,HT,20,2,1,56,67,73,448,49671
1910,0,3a:8d:ef:b5:3b:fc,HT,20,2,1,56,68,72,448,49671
1911,0,d4:3b:04:9a:7c:70,HT,20,2,1,56,73,71,448,180741
1912,0,3a:8d:ef:b5:3b:fc,HT,20,2,1,56,67,69,448,49671
1913,0,3a:8d:ef:b5:3b:fc,HT,20,2,1,56,66,68,448,49671
1914,0,d4:3b:04:9a:7c:70,HT,20,2,1,56,72,73,448,180741
1915,0,3a:8d:ef:b5:3b:fc,HT,20,2,1,56,67,68,448,49671
1916,0,d4:3b:04:9a:7c:70,HT,20,2,1,56,73,74,448,180742
1917,0,d4:3b:04:9a:7c:70,HT,20,2,1,56,73,75,448,180742
1918,0,d4:3b:04:9a:7c:70,HT,20,2,1,56,75,72,448,180741
1919,0,d4:3b:04:9a:7c:70,HT,20,2,1,56,75,72,448,180742
1920,0,ab:8d:ef:b5:3b:fc,HT,20,2,1,56,67,71,448,49671
1921,0,3a:8d:ef:b5:3b:fc,HT,20,2,1,56,67,71,448,49671
1922,0,3a:8d:ef:b5:3b:fc,HT,20,2,1,56,67,71,448,49669
1923,0,3a:8d:ef:b5:3b:fc,HT,20,2,1,56,67,72,448,49671
1924,0,3a:8d:ef:b5:3b:fc,HT,20,2,1,56,67,72,448,49671
1925,0,3a:8d:ef:b5:3b:fc,HT,20,2,1,56,66,71,448,49671
1926,0,3a:8d:ef:b5:3b:fc,HT,20,2,1,56,66,71,448,49671
1927,0,3a:8d:ef:b5:3b:fc,HT,20,2,1,56,66,71,448,49669
1928,0,3a:8d:ef:b5:3b:fc,HT,20,2,1,56,66,71,448,49669
1929,0,3a:8d:ef:b5:3b:fc,HT,20,2,1,56,66,71,448,49667
1930,0,3a:8d:ef:b5:3b:fc,HT,20,2,1,56,67,71,448,49671
1931,0,3a:8d:ef:b5:3b:fc,HT,20,2,1,56,67,70,448,49671
1932,0,3a:8d:ef:b5:3b:fc,HT,20,2,1,56,68,70,448,49671
1933,0,3a:8d:ef:b5:3b:fc,HT,20,2,1,56,67,69,448,49669
1934,0,3a:8d:ef:b5:3b:fc,HT,20,2,1,56,67,68,448,49671
1935,0,3a:8d:ef:b5:3b:fc,HT,20,2,1,56,67,68,448,49671
1936,0,3a:8d:ef:b5:3b:fc,HT,20,2,1,56,67,73,448,49671
1937,0,3a:8d:ef:b5:3b:fc,HT,20,2,1,56,67,73,448,49671
1938,0,3a:8d:ef:b5:3b:fc,HT,20,2,1,56,67,73,448,49671
1939,0,3a:8d:ef:b5:3b:fc,HT,20,2,1,56,67,73,448,49671
1940,0,3a:8d:ef:b5:3b:fc,HT,20,2,1,56,66,73,448,49671
1941,0,3a:8d:ef:b5:3b:fc,HT,20,2,1,56,66,73,448,49671
1942,0,3a:8d:ef:b5:3b:fc,HT,20,2,1,56,66,73,448,49669
1943,0,3a:8d:ef:b5:3b:fc,HT,20,2,1,56,67,72,448,49671
1944,0,3a:8d:ef:b5:3b:fc,HT,20,2,1,56,67,72,448,49671
1945,0,3a:8d:ef:b5:3b:fc,HT,20,2,1,56,67,72,448,49671
1946,0,3a:8d:ef:b5:3b:fc,HT,20,2,1,56,67,71,448,49669
1947,0,22:6e:45:de:34:20,HT,20,2,1,56,75,76,448,49667
1948,0,22:6e:45:de:34:20,HT,20,2,2,56,73,75,896,49684
1949,0,3a:8d:ef:b5:3b:fc,HT,20,2,1,56,68,71,448,49671
1950,0,3a:8d:ef:b5:3b:fc,HT,20,2,1,56,69,71,448,49671
1951,0,3a:8d:ef:b5:3b:fc,HT,20,2,1,56,68,71,448,49669
1952,0,3a:8d:ef:b5:3b:fc,HT,20,2,1,56,66,70,448,49671
1953,0,3a:8d:ef:b5:3b:fc,HT,20,2,1,56,66,70,448,49671
1954,0,3a:8d:ef:b5:3b:fc,HT,20,2,1,56,67,70,448,49671
1955,0,3a:8d:ef:b5:3b:fc,HT,20,2,1,56,66,70,448,49671
1956,0,3a:8d:ef:b5:3b:fc,HT,20,2,1,56,67,70,448,49671
1957,0,3a:8d:ef:b5:3b:fc,HT,20,2,1,56,67,70,448,49671
1958,0,3a:8d:ef:b5:3b:fc,HT,20,2,1,56,67,68,448,49671
1959,0,3a:8d:ef:b5:3b:fc,HT,20,2,1,56,67,69,448,49671
1960,0,3a:8d:ef:b5:3b:fc,HT,20,2,1,56,67,69,448,49671
1961,0,3a:8d:ef:b5:3b:fc,HT,20,2,1,56,67,68,448,49671
1962,0,3a:8d:ef:b5:3b:fc,HT,20,2,1,56,67,68,448,49671
1963,0,3a:8d:ef:b5:3b:fc,HT,20,2,1,56,67,68,448,49671
1964,0,3a:8d:ef:b5:3b:fc,HT,20,2,1,56,67,68,448,49671
1965,0,3a:8d:ef:b5:3b:fc,HT,20,2,1,56,66,68,448,49671
1966,0,3a:8d:ef:b5:3b:fc,HT,20,2,1,56,67,68,448,49671
1967,0,3a:8d:ef:b5:3b:fc,HT,20,2,1,56,67,68,448,49669
1968,0,3a:8d:ef:b5:3b:fc,HT,20,2,1,56,67,68,448,49671
1969,0,3a:8d:ef:b5:3b:fc,HT,20,2,1,56,67,70,448,49671
1970,0,3a:8d:ef:b5:3b:fc,HT,20,2,1,56,67,70,448,49671
1971,0,3a:8d:ef:b5:3b:fc,HT,20,2,1,56,67,70,448,49671
1972,0,22:6e:45:de:34:20,HT,20,2,1,56,76,76,448,49667
1973,0,22:6e:45:de:34:20,HT,20,2,1,56,75,78,448,49667
1974,0,3a:8d:ef:b5:3b:fc,HT,20,2,1,56,68,73,448,49671
1975,0,3a:8d:ef:b5:3b:fc,HT,20,2,1,56,67,73,448,49671
1976,0,3a:8d:ef:b5:3b:fc,HT,20,2,1,56,67,69,448,49671
1977,0,3a:8d:ef:b5:3b:fc,HT,20,2,1,56,67,69,448,49671
1978,0,3a:8d:ef:b5:3b:fc,HT,20,2,1,56,67,69,448,49669
1979,0,3a:8d:ef:b5:3b:fc,HT,20,2,1,56,67,69,448,49669
1980,0,3a:8d:ef:b5:3b:fc,HT,20,2,1,56,67,68,448,49667
1981,0,3a:8d:ef:b5:3b:fc,HT,20,2,1,56,67,69,448,49671
1982,0,3a:8d:ef:b5:3b:fc,HT,20,2,1,56,67,69,448,49671
1983,0,22:6e:45:de:34:20,HT,20,2,1,56,74,80,448,49667
1984,0,3a:8d:ef:b5:3b:fc,HT,20,2,1,56,66,68,448,49671
1985,0,3a:8d:ef:b5:3b:fc,HT,20,2,1,56,66,68,448,49671
1986,0,3a:8d:ef:b5:3b:fc,HT,20,2,1,56,67,69,448,49671
1987,0,3a:8d:ef:b5:3b:fc,HT,20,2,1,56,67,69,448,49671
1988,0,3a:8d:ef:b5:3b:fc,HT,20,2,1,56,67,69,448,49671
1989,0,3a:8d:ef:b5:3b:fc,HT,20,2,1,56,67,71,448,49671
1990,0,3a:8d:ef:b5:3b:fc,HT,20,2,1,56,67,71,448,49671
1991,0,3a:8d:ef:b5:3b:fc,HT,20,2,1,56,67,71,448,49671
1992,0,3a:8d:ef:b5:3b:fc,HT,20,2,1,56,66,71,448,49671
1993,0,3a:8d:ef:b5:3b:fc,HT,20,2,1,56,66,70,448,49671
1994,0,3a:8d:ef:b5:3b:fc,HT,20,2,1,56,67,71,448,49671
1995,0,3a:8d:ef:b5:3b:fc,HT,20,2,1,56,67,72,448,49671
1996,0,d4:3b:04:9a:7c:70,HT,20,2,1,56,70,72,448,180742
1997,0,3a:8d:ef:b5:3b:fc,HT,20,2,1,56,67,73,448,49671
1998,0,3a:8d:ef:b5:3b:fc,HT,20,2,1,56,66,72,448,49671
1999,0,3a:8d:ef:b5:3b:fc,HT,20,2,1,56,66,71,448,49671
2000,0,3a:8d:ef:b5:3b:fc,HT,20,2,1,56,66,71,448,49671
2001,0,3a:8d:ef:b5:3b:fc,HT,20,2,1,56,67,71,448,49671
2002,0,3a:8d:ef:b5:3b:fc,HT,20,2,1,56,66,71,448,49669
2003,0,3a:8d:ef:b5:3b:fc,HT,20,2,1,56,67,71,448,49669
2004,0,3a:8d:ef:b5:3b:fc,HT,20,2,1,56,67,71,448,49671
2005,0,3a:8d:ef:b5:3b:fc,HT,20,2,1,56,67,71,448,49671
2006,0,3a:8d:ef:b5:3b:fc,HT,20,2,1,56,67,71,448,49671
2007,0,3a:8d:ef:b5:3b:fc,HT,20,2,1,56,67,70,448,49671
2008,0,3a:8d:ef:b5:3b:fc,HT,20,2,1,56,67,68,448,49671
2009,0,3a:8d:ef:b5:3b:fc,HT,20,2,1,56,67,68,448,49671
2010,0,3a:8d:ef:b5:3b:fc,HT,20,2,1,56,67,68,448,49671
2011,0,3a:8d:ef:b5:3b:fc,HT,20,2,1,56,67,70,448,49671
2012,0,3a:8d:ef:b5:3b:fc,HT,20,2,1,56,67,70,448,49671
2013,0,3a:8d:ef:b5:3b:fc,HT,20,2,1,56,66,71,448,49671
2014,0,3a:8d:ef:b5:3b:fc,HT,20,2,1,56,66,70,448,49671
2015,0,3a:8d:ef:b5:3b:fc,HT,20,2,1,56,66,71,448,49671
2016,0,22:6e:45:de:34:20,HT,20,2,1,56,74,78,448,49667
2017,0,3a:8d:ef:b5:3b:fc,HT,20,2,1,56,66,73,448,49671
2018,0,3a:8d:ef:b5:3b:fc,HT,20,2,1,56,67,72,448,49671
2019,0,22:6e:45:de:34:20,HT,20,2,1,56,74,75,448,49668
2020,0,3a:8d:ef:b5:3b:fc,HT,20,2,1,56,68,72,448,49671
2021,0,3a:8d:ef:b5:3b:fc,HT,20,2,1,56,67,73,448,49671
2022,0,3a:8d:ef:b5:3b:fc,HT,20,2,1,56,67,74,448,49671
2023,0,3a:8d:ef:b5:3b:fc,HT,20,2,1,56,66,71,448,49671
2024,0,3a:8d:ef:b5:3b:fc,HT,20,2,1,56,66,71,448,49671
2025,0,3a:8d:ef:b5:3b:fc,HT,20,2,1,56,66,72,448,49671
2026,0,3a:8d:ef:b5:3b:fc,HT,20,2,1,56,66,71,448,49671
2027,0,3a:8d:ef:b5:3b:fc,HT,20,2,1,56,67,68,448,49671
2028,0,3a:8d:ef:b5:3b:fc,HT,20,2,1,56,66,68,448,49671
2029,0,3a:8d:ef:b5:3b:fc,HT,20,2,1,56,67,68,448,49671
2030,0,3a:8d:ef:b5:3b:fc,HT,20,2,1,56,67,68,448,49671
2031,0,3a:8d:ef:b5:3b:fc,HT,20,2,1,56,67,69,448,49671
2032,0,3a:8d:ef:b5:3b:fc,HT,20,2,1,56,67,71,448,49671
2033,0,3a:8d:ef:b5:3b:fc,HT,20,2,1,56,67,72,448,49671
2034,0,3a:8d:ef:b5:3b:fc,HT,20,2,1,56,67,74,448,49671
2035,0,3a:8d:ef:b5:3b:fc,HT,20,2,1,56,67,73,448,49671
2036,0,3a:8d:ef:b5:3b:fc,HT,20,2,1,56,68,73,448,49671
2037,0,3a:8d:ef:b5:3b:fc,HT,20,2,1,56,68,73,448,49671
2038,0,22:6e:45:de:34:20,HT,20,2,1,56,73,76,448,49668
2039,0,3a:8d:ef:b5:3b:fc,HT,20,2,1,56,67,73,448,49671
2040,0,3a:8d:ef:b5:3b:fc,HT,20,2,1,56,67,73,448,49671
2041,0,3a:8d:ef:b5:3b:fc,HT,20,2,1,56,67,72,448,49671
2042,0,3a:8d:ef:b5:3b:fc,HT,20,2,1,56,66,72,448,49671
2043,0,3a:8d:ef:b5:3b:fc,HT,20,2,1,56,66,72,448,49669
2044,0,3a:8d:ef:b5:3b:fc,HT,20,2,1,56,66,72,448,49669
2045,0,3a:8d:ef:b5:3b:fc,HT,20,2,1,56,66,72,448,49667
2046,0,3a:8d:ef:b5:3b:fc,HT,20,2,1,56,65,72,448,49671
2047,0,3a:8d:ef:b5:3b:fc,HT,20,2,1,56,66,69,448,49671
2048,0,3a:8d:ef:b5:3b:fc,HT,20,2,1,56,67,69,448,49671
2049,0,3a:8d:ef:b5:3b:fc,HT,20,2,1,56,67,69,448,49671
2050,0,3a:8d:ef:b5:3b:fc,HT,20,2,1,56,66,71,448,49671
2051,0,3a:8d:ef:b5:3b:fc,HT,20,2,1,56,66,71,448,49671
2052,0,3a:8d:ef:b5:3b:fc,HT,20,2,1,56,66,75,448,49669
2053,0,3a:8d:ef:b5:3b:fc,HT,20,2,1,56,66,75,448,49669
2054,0,3a:8d:ef:b5:3b:fc,HT,20,2,1,56,67,75,448,49667
2055,0,3a:8d:ef:b5:3b:fc,HT,20,2,1,56,67,75,448,49671
2056,0,3a:8d:ef:b5:3b:fc,HT,20,2,1,56,67,73,448,49671
2057,0,3a:8d:ef:b5:3b:fc,HT,20,2,1,56,67,73,448,49669
2058,0,3a:8d:ef:b5:3b:fc,HT,20,2,1,56,67,73,448,49671
2059,0,3a:8d:ef:b5:3b:fc,HT,20,2,1,56,67,73,448,49671
2060,0,3a:8d:ef:b5:3b:fc,HT,20,2,1,56,67,73,448,49671
2061,0,3a:8d:ef:b5:3b:fc,HT,20,2,1,56,67,74,448,49671
2062,0,3a:8d:ef:b5:3b:fc,HT,20,2,1,56,67,73,448,49671
2063,0,68:72:51:58:79:97,HT,20,2,1,56,76,81,448,180739
2064,0,3a:8d:ef:b5:3b:fc,HT,20,2,1,56,69,74,448,49671
2065,0,3a:8d:ef:b5:3b:fc,HT,20,2,1,56,68,74,448,49671
2066,0,22:6e:45:de:34:20,HT,20,2,1,56,75,73,448,49667
2067,0,22:6e:45:de:34:20,HT,20,2,1,56,74,72,448,49666
2068,0,3a:8d:ef:b5:3b:fc,HT,20,2,1,56,66,69,448,49669
2069,0,3a:8d:ef:b5:3b:fc,HT,20,2,1,56,67,70,448,49671
2070,0,3a:8d:ef:b5:3b:fc,HT,20,2,1,56,66,68,448,49671
2071,0,3a:8d:ef:b5:3b:fc,HT,20,2,1,56,66,71,448,49671
2072,0,3a:8d:ef:b5:3b:fc,HT,20,2,1,56,66,70,448,49671
2073,0,22:6e:45:de:34:20,HT,20,2,1,56,74,74,448,49667
2074,0,d4:3b:04:9a:7c:70,HT,20,2,1,56,70,71,448,180742
2075,0,d4:3b:04:9a:7c:70,HT,20,2,1,56,71,71,448,180741
2076,0,d4:3b:04:9a:7c:70,HT,20,2,1,56,71,70,448,180741
2077,0,d4:3b:04:9a:7c:70,HT,20,2,2,56,74,71,896,49682
2078,0,22:6e:45:de:34:20,HT,20,2,1,56,74,76,448,49667
2079,0,3a:8d:ef:b5:3b:fc,HT,20,2,1,56,66,69,448,49671
2080,0,3a:8d:ef:b5:3b:fc,HT,20,2,1,56,66,71,448,49671
2081,0,3a:8d:ef:b5:3b:fc,HT,20,2,1,56,67,71,448,49671
2082,0,3a:8d:ef:b5:3b:fc,HT,20,2,1,56,66,71,448,49671
2083,0,3a:8d:ef:b5:3b:fc,HT,20,2,1,56,66,71,448,49671
2084,0,d4:3b:04:9a:7c:70,HT,20,2,2,56,73,71,896,49682
2085,0,3a:8d:ef:b5:3b:fc,HT,20,2,1,56,67,74,448,49671
2086,0,3a:8d:ef:b5:3b:fc,HT,20,2,1,56,66,71,448,49671
2087,0,3a:8d:ef:b5:3b:fc,HT,20,2,1,56,66,72,448,49671
2088,0,3a:8d:ef:b5:3b:fc,HT,20,2,1,56,66,72,448,49671
2089,0,3a:8d:ef:b5:3b:fc,HT,20,2,1,56,66,71,448,49671
2090,0,3a:8d:ef:b5:3b:fc,HT,20,2,1,56,66,72,448,49671
2091,0,3a:8d:ef:b5:3b:fc,HT,20,2,1,56,66,71,448,49671
2092,0,3a:8d:ef:b5:3b:fc,HT,20,2,1,56,66,70,448,49671
2093,0,3a:8d:ef:b5:3b:fc,HT,20,2,1,56,66,70,448,49671
2094,0,3a:8d:ef:b5:3b:fc,HT,20,2,1,56,66,70,448,49671
2095,0,3a:8d:ef:b5:3b:fc,HT,20,2,1,56,67,69,448,49671
2096,0,3a:8d:ef:b5:3b:fc,HT,20,2,1,56,66,68,448,49671
2097,0,3a:8d:ef:b5:3b:fc,HT,20,2,1,56,66,69,448,49671
2098,0,3a:8d:ef:b5:3b:fc,HT,20,2,1,56,66,69,448,49671
2099,0,3a:8d:ef:b5:3b:fc,HT,20,2,1,56,66,69,448,49671
2100,0,3a:8d:ef:b5:3b:fc,HT,20,2,1,56,66,69,448,49671
2101,0,22:6e:45:de:34:20,HT,20,2,1,56,75,77,448,49667
2102,0,68:72:51:58:79:97,HT,20,2,1,56,76,79,448,180739
2103,0,3a:8d:ef:b5:3b:fc,HT,20,2,1,56,67,69,448,49671
2104,0,3a:8d:ef:b5:3b:fc,HT,20,2,1,56,67,75,448,49671
2105,0,3a:8d:ef:b5:3b:fc,HT,20,2,1,56,67,76,448,49671
2106,0,d4:3b:04:9a:7c:70,HT,20,2,2,56,72,71,896,49682
2107,0,d4:3b:04:9a:7c:70,HT,20,2,2,56,75,74,896,49682
2108,0,d4:3b:04:9a:7c:70,HT,20,2,2,56,72,75,896,49683
2109,0,d4:3b:04:9a:7c:70,HT,20,2,2,56,72,70,896,49681
2110,0,d4:3b:04:9a:7c:70,HT,20,2,2,56,71,72,896,49681
2111,0,d4:3b:04:9a:7c:70,HT,20,2,2,56,74,70,896,49682
2112,0,d4:3b:04:9a:7c:70,HT,20,2,2,56,74,71,896,49682
2113,0,d4:3b:04:9a:7c:70,HT,20,2,2,56,76,71,896,49682
2114,0,d4:3b:04:9a:7c:70,HT,20,2,2,56,71,71,896,49682
2115,0,3a:8d:ef:b5:3b:fc,HT,20,2,1,56,67,74,448,49671
2116,0,d4:3b:04:9a:7c:70,HT,20,2,2,56,72,70,896,49682
2117,0,d4:3b:04:9a:7c:70,HT,20,2,2,56,72,68,896,49682
2118,0,d4:3b:04:9a:7c:70,HT,20,2,2,56,72,69,896,49682
2119,0,22:6e:45:de:34:20,HT,20,2,1,56,75,76,448,49666
2120,0,d4:3b:04:9a:7c:70,HT,20,2,2,56,76,72,896,49682
2121,0,d4:3b:04:9a:7c:70,HT,20,2,2,56,75,73,896,49682
2122,0,d4:3b:04:9a:7c:70,HT,20,2,2,56,77,71,896,49681
2123,0,d4:3b:04:9a:7c:70,HT,20,2,2,56,77,71,896,49682
2124,0,d4:3b:04:9a:7c:70,HT,20,2,2,56,75,70,896,49682
2125,0,d4:3b:04:9a:7c:70,HT,20,2,2,56,72,70,896,49682
2126,0,d4:3b:04:9a:7c:70,HT,20,2,2,56,71,72,896,49682
2127,0,d4:3b:04:9a:7c:70,HT,20,2,2,56,73,71,896,49682
2128,0,d4:3b:04:9a:7c:70,HT,20,2,2,56,73,70,896,49682
2129,0,d4:3b:04:9a:7c:70,HT,20,2,2,56,73,70,896,49682
2130,0,d4:3b:04:9a:7c:70,HT,20,2,2,56,71,70,896,49681
2131,0,d4:3b:04:9a:7c:70,HT,20,2,2,56,69,72,896,49682
2132,0,d4:3b:04:9a:7c:70,HT,20,2,2,56,72,69,896,49681
2133,0,d4:3b:04:9a:7c:70,HT,20,2,2,56,73,70,896,49681
2134,0,22:6e:45:de:34:20,HT,20,2,1,56,75,78,448,49667
2135,0,22:6e:45:de:34:20,HT,20,2,1,56,75,78,448,49666
2136,0,d4:3b:04:9a:7c:70,HT,20,2,2,56,75,71,896,49681
2137,0,d4:3b:04:9a:7c:70,HT,20,2,2,56,74,71,896,49682
2138,0,3a:8d:ef:b5:3b:fc,HT,20,2,1,56,68,72,448,49670
2139,0,3a:8d:ef:b5:3b:fc,HT,20,2,1,56,68,73,448,49670
2140,0,d4:3b:04:9a:7c:70,HT,20,2,2,56,73,70,896,49682
2141,0,d4:3b:04:9a:7c:70,HT,20,2,2,56,72,67,896,49681
2142,0,d4:3b:04:9a:7c:70,HT,20,2,2,56,71,68,896,49681
2143,0,22:6e:45:de:34:20,HT,20,2,1,56,74,75,448,49667
2144,0,22:6e:45:de:34:20,HT,20,2,1,56,73,75,448,49666
2145,0,d4:3b:04:9a:7c:70,HT,20,2,2,56,70,71,896,49681
2146,0,d4:3b:04:9a:7c:70,HT,20,2,2,56,71,71,896,49682
2147,0,22:6e:45:de:34:20,HT,20,2,1,56,75,75,448,49666
2148,0,d4:3b:04:9a:7c:70,HT,20,2,2,56,72,74,896,49682
2149,0,d4:3b:04:9a:7c:70,HT,20,2,2,56,72,73,896,49682
2150,0,d4:3b:04:9a:7c:70,HT,20,2,2,56,75,72,896,49682
2151,0,d4:3b:04:9a:7c:70,HT,20,2,2,56,78,71,896,49681
2152,0,d4:3b:04:9a:7c:70,HT,20,2,2,56,74,71,896,49682
2153,0,d4:3b:04:9a:7c:70,HT,20,2,2,56,70,69,896,49681
2154,0,d4:3b:04:9a:7c:70,HT,20,2,2,56,75,73,896,49681
2155,0,22:6e:45:de:34:20,HT,20,2,1,56,75,75,448,49667
2156,0,4b:b1:3d:d8:17:14,HT,20,2,2,56,72,71,896,49682
2157,0,22:6e:45:de:34:20,HT,20,2,1,56,73,77,448,49666
2158,0,d4:3b:04:9a:7c:70,HT,20,2,2,56,72,71,896,49682
2159,0,d4:3b:04:9a:7c:70,HT,20,2,2,56,73,72,896,49682
2160,0,d4:3b:04:9a:7c:70,HT,20,2,2,56,73,72,896,49681
2161,0,d4:3b:04:9a:7c:70,HT,20,2,2,56,73,73,896,49682
2162,0,d4:3b:04:9a:7c:70,HT,20,2,2,56,72,71,896,49682
2163,0,d4:3b:04:9a:7c:70,HT,20,2,2,56,72,70,896,49682
2164,0,d4:3b:04:9a:7c:70,HT,20,2,2,56,73,68,896,49682
2165,0,d4:3b:04:9a:7c:70,HT,20,2,2,56,73,69,896,49681
2166,0,d4:3b:04:9a:7c:70,HT,20,2,2,56,73,70,896,49681
2167,0,3a:8d:ef:b5:3b:fc,HT,20,2,1,56,66,74,448,49670
2168,0,3a:8d:ef:b5:3b:fc,HT,20,2,1,56,66,74,448,49670
2169,0,22:6e:45:de:34:20,HT,20,2,1,56,75,78,448,49666
2170,0,d4:3b:04:9a:7c:70,HT,20,2,2,56,72,72,896,49682
2171,0,d4:3b:04:9a:7c:70,HT,20,2,2,56,71,70,896,49682
2172,0,22:6e:45:de:34:20,HT,20,2,1,56,74,79,448,49667
2173,0,d4:3b:04:9a:7c:70,HT,20,2,2,56,73,71,896,49681
2174,0,d4:3b:04:9a:7c:70,HT,20,2,2,56,74,69,896,49681
2175,0,d4:3b:04:9a:7c:70,HT,20,2,2,56,73,69,896,49682
2176,0,d4:3b:04:9a:7c:70,HT,20,2,2,56,75,71,896,49682
2177,0,d4:3b:04:9a:7c:70,HT,20,2,2,56,70,69,896,49681
2178,0,d4:3b:04:9a:7c:70,HT,20,2,2,56,69,70,896,49681
2179,0,d4:3b:04:9a:7c:70,HT,20,2,2,56,69,71,896,49681
2180,0,9d:25:45:de:34:20,HT,20,2,1,56,74,76,448,49665
2181,0,d4:3b:04:9a:7c:70,HT,20,2,2,56,78,72,896,49682
2182,0,68:72:51:58:79:97,HT,20,2,1,56,76,81,448,180740
2183,0,d4:3b:04:9a:7c:70,HT,20,2,2,56,76,70,896,49682
2184,0,d4:3b:04:9a:7c:70,HT,20,2,2,56,77,72,896,49682
2185,0,d4:3b:04:9a:7c:70,HT,20,2,2,56,75,71,896,49682
2186,0,d4:3b:04:9a:7c:70,HT,20,2,2,56,75,72,896,49681
2187,0,d4:3b:04:9a:7c:70,HT,20,2,2,56,75,72,896,49681
2188,0,22:6e:45:de:34:20,HT,20,2,1,56,74,77,448,49668
2189,0,d4:3b:04:9a:7c:70,HT,20,2,2,56,73,71,896,49681
2190,0,3a:8d:ef:b5:3b:fc,HT,20,2,1,56,66,72,448,49670
2191,0,d4:3b:04:9a:7c:70,HT,20,2,2,56,73,71,896,49681
2192,0,3a:8d:ef:b5:3b:fc,HT,20,2,1,56,67,73,448,49668
2193,0,3a:8d:ef:b5:3b:fc,HT,20,2,1,56,66,73,448,49668
2194,0,d4:3b:04:9a:7c:70,HT,20,2,2,56,70,73,896,49682
2195,0,d4:3b:04:9a:7c:70,HT,20,2,2,56,70,74,896,49682
2196,0,d4:3b:04:9a:7c:70,HT,20,2,2,56,70,72,896,49682
2197,0,d4:3b:04:9a:7c:70,HT,20,2,2,56,71,70,896,49681
2198,0,d4:3b:04:9a:7c:70,HT,20,2,2,56,73,73,896,49681
2199,0,22:6e:45:de:34:20,HT,20,2,2,56,73,74,896,49682
2200,0,d4:3b:04:9a:7c:70,HT,20,2,2,56,76,72,896,49681
2201,0,d4:3b:04:9a:7c:70,HT,20,2,2,56,75,72,896,49681
2202,0,d4:3b:04:9a:7c:70,HT,20,2,2,56,75,72,896,49681
2203,0,d4:3b:04:9a:7c:70,HT,20,2,2,56,78,72,896,49681
2204,0,d4:3b:04:9a:7c:70,HT,20,2,2,56,73,72,896,49681
2205,0,3a:8d:ef:b5:3b:fc,HT,20,2,1,56,66,69,448,49670
2206,0,3a:8d:ef:b5:3b:fc,HT,20,2,1,56,66,68,448,49670
2207,0,3a:8d:ef:b5:3b:fc,HT,20,2,1,56,67,69,448,49670
2208,0,22:6e:45:de:34:20,HT,20,2,1,56,75,78,448,49666
2209,0,22:6e:45:de:34:20,HT,20,2,1,56,75,77,448,49668
2210,0,3a:8d:ef:b5:3b:fc,HT,20,2,1,56,66,77,448,49670
2211,0,3a:8d:ef:b5:3b:fc,HT,20,2,1,56,67,77,448,49670
2212,0,22:6e:45:de:34:20,HT,20,2,1,56,74,74,448,49668
2213,0,3a:8d:ef:b5:3b:fc,HT,20,2,1,56,68,75,448,49670
2214,0,3a:8d:ef:b5:3b:fc,HT,20,2,1,56,68,75,448,49670
2215,0,22:6e:45:de:34:20,HT,20,2,1,56,74,76,448,49666
2216,0,3a:8d:ef:b5:3b:fc,HT,20,2,1,56,66,72,448,49670
2217,0,3a:8d:ef:b5:3b:fc,HT,20,2,1,56,66,72,448,49670
2218,0,d4:3b:04:9a:7c:70,HT,20,2,2,56,72,75,896,49683
2219,0,3a:8d:ef:b5:3b:fc,HT,20,2,1,56,66,72,448,49670
2220,0,3a:8d:ef:b5:3b:fc,HT,20,2,1,56,66,72,448,49670
2221,0,d4:3b:04:9a:7c:70,HT,20,2,2,56,72,72,896,49683
2222,0,3a:8d:ef:b5:3b:fc,HT,20,2,1,56,66,72,448,49670
2223,0,d4:3b:04:9a:7c:70,HT,20,2,2,56,72,73,896,49683
2224,0,3a:8d:ef:b5:3b:fc,HT,20,2,1,56,67,75,448,49671
2225,0,d4:3b:04:9a:7c:70,HT,20,2,2,56,73,71,896,49684
2226,0,22:6e:45:de:34:20,HT,20,2,1,56,76,75,448,49665
2227,0,d4:3b:04:9a:7c:70,HT,20,2,2,56,70,69,896,49683
2228,0,d4:3b:04:9a:7c:70,HT,20,2,2,56,73,70,896,49684
2229,0,22:6e:45:de:34:20,HT,20,2,1,56,74,78,448,49665
2230,0,22:6e:45:de:34:20,HT,20,2,1,56,75,80,448,49664
2231,0,d4:3b:04:9a:7c:70,HT,20,2,2,56,70,74,896,49683
2232,0,d4:3b:04:9a:7c:70,HT,20,2,2,56,71,72,896,49684
2233,0,d4:3b:04:9a:7c:70,HT,20,2,2,56,72,72,896,49684
2234,0,d4:3b:04:9a:7c:70,HT,20,2,2,56,75,69,896,49683
2235,0,56:3f:f7:81:4d:6b,HT,20,2,2,56,75,69,896,49684
2236,0,d4:3b:04:9a:7c:70,HT,20,2,2,56,73,72,896,49684
2237,0,22:6e:45:de:34:20,HT,20,2,1,56,75,73,448,49665
2238,0,3a:8d:ef:b5:3b:fc,HT,20,2,1,56,69,76,448,49670
2239,0,d4:3b:04:9a:7c:70,HT,20,2,2,56,71,73,896,49684
2240,0,d4:3b:04:9a:7c:70,HT,20,2,2,56,72,76,896,49684
2241,0,d4:3b:04:9a:7c:70,HT,20,2,2,56,70,71,896,49683
2242,0,d4:3b:04:9a:7c:70,HT,20,2,2,56,72,71,896,49683
2243,0,d4:3b:04:9a:7c:70,HT,20,2,2,56,71,71,896,49683
2244,0,d4:3b:04:9a:7c:70,HT,20,2,2,56,73,70,896,49683
2245,0,3a:8d:ef:b5:3b:fc,HT,20,2,1,56,66,70,448,49667
2246,0,3a:8d:ef:b5:3b:fc,HT,20,2,1,56,66,72,448,49670
2247,0,3a:8d:ef:b5:3b:fc,HT,20,2,1,56,67,74,448,49666
2248,0,3a:8d:ef:b5:3b:fc,HT,20,2,1,56,67,75,448,49670
2249,0,22:6e:45:de:34:20,HT,20,2,1,56,73,78,448,49665
2250,0,3a:8d:ef:b5:3b:fc,HT,20,2,1,56,66,72,448,49670
2251,0,22:6e:45:de:34:20,HT,20,2,1,56,74,75,448,49666
2252,0,e2:3a:89:1f:bd:49,HT,20,2,1,56,76,76,448,49667
2253,0,3a:8d:ef:b5:3b:fc,HT,20,2,1,56,68,76,448,49670
2254,0,3a:8d:ef:b5:3b:fc,HT,20,2,1,56,67,75,448,49670
2255,0,3a:8d:ef:b5:3b:fc,HT,20,2,1,56,67,75,448,49670
2256,0,3a:8d:ef:b5:3b:fc,HT,20,2,1,56,67,74,448,49670
2257,0,3a:8d:ef:b5:3b:fc,HT,20,2,1,56,67,73,448,49670
2258,0,3a:8d:ef:b5:3b:fc,HT,20,2,1,56,67,73,448,49670
2259,0,22:6e:45:de:34:20,HT,20,2,2,56,73,76,896,49683
2260,0,22:6e:45:de:34:20,HT,20,2,2,56,73,76,896,49683
2261,0,3a:8d:ef:b5:3b:fc,HT,20,2,1,56,67,73,448,49670
2262,0,3a:8d:ef:b5:3b:fc,HT,20,2,1,56,66,72,448,49670
2263,0,22:6e:45:de:34:20,HT,20,2,1,56,74,77,448,49667
2264,0,68:72:51:58:79:97,HT,20,2,1,56,76,83,448,180739
2265,0,3a:8d:ef:b5:3b:fc,HT,20,2,1,56,67,70,448,49670
2266,0,3a:8d:ef:b5:3b:fc,HT,20,2,1,56,67,69,448,49670
2267,0,3a:8d:ef:b5:3b:fc,HT,20,2,1,56,66,70,448,49670
2268,0,3a:8d:ef:b5:3b:fc,HT,20,2,1,56,67,68,448,49670
2269,0,3a:8d:ef:b5:3b:fc,HT,20,2,1,56,67,69,448,49670
2270,0,3a:8d:ef:b5:3b:fc,HT,20,2,1,56,67,70,448,49670
2271,0,3a:8d:ef:b5:3b:fc,HT,20,2,1,56,67,74,448,49670
2272,0,3a:8d:ef:b5:3b:fc,HT,20,2,1,56,67,75,448,49670
2273,0,3a:8d:ef:b5:3b:fc,HT,20,2,1,56,67,76,448,49670
2274,0,3a:8d:ef:b5:3b:fc,HT,20,2,1,56,67,75,448,49670
2275,0,3a:8d:ef:b5:3b:fc,HT,20,2,1,56,67,74,448,49670
2276,0,3a:8d:ef:b5:3b:fc,HT,20,2,1,56,67,73,448,49670
2277,0,3a:8d:ef:b5:3b:fc,HT,20,2,1,56,68,73,448,49670
2278,0,c4:6e:45:de:34:20,HT,20,2,1,56,72,77,448,49666
2279,0,22:6e:45:de:34:20,HT,20,2,1,56,73,75,448,49665
2280,0,22:6e:45:de:34:20,HT,20,2,1,56,73,76,448,49665
2281,0,22:6e:45:de:34:20,HT,20,2,1,56,73,75,448,49665
2282,0,3a:8d:ef:b5:3b:fc,HT,20,2,1,56,66,70,448,49670
2283,0,3a:8d:ef:b5:3b:fc,HT,20,2,1,56,67,69,448,49670
2284,0,3a:8d:ef:b5:3b:fc,HT,20,2,1,56,67,69,448,49670
2285,0,3a:8d:ef:b5:3b:fc,HT,20,2,1,56,67,69,448,49670
2286,0,3a:8d:ef:b5:3b:fc,HT,20,2,1,56,67,70,448,49668
2287,0,3a:8d:ef:b5:3b:fc,HT,20,2,1,56,67,71,448,49670
2288,0,3a:8d:ef:b5:3b:fc,HT,20,2,1,56,67,72,448,49670
2289,0,3a:8d:ef:b5:3b:fc,HT,20,2,1,56,66,71,448,49670
2290,0,3a:8d:ef:b5:3b:fc,HT,20,2,1,56,66,71,448,49670
2291,0,3a:8d:ef:b5:3b:fc,HT,20,2,1,56,67,74,448,49668
2292,0,3a:8d:ef:b5:3b:fc,HT,20,2,1,56,67,76,448,49670
2293,0,3a:8d:ef:b5:3b:fc,HT,20,2,1,56,66,75,448,49670
2294,0,3a:8d:ef:b5:3b:fc,HT,20,2,1,56,68,73,448,49670
2295,0,22:6e:45:de:34:20,HT,20,2,1,56,72,78,448,49665
2296,0,68:72:51:58:79:97,HT,20,2,1,56,77,81,448,180739
2297,0,3a:8d:ef:b5:3b:fc,HT,20,2,1,56,68,73,448,49670
2298,0,3a:8d:ef:b5:3b:fc,HT,20,2,1,56,68,73,448,49670
2299,0,3a:8d:ef:b5:3b:fc,HT,20,2,1,56,67,74,448,49670
2300,0,3a:8d:ef:b5:3b:fc,HT,20,2,1,56,67,74,448,49670
2301,0,3a:8d:ef:b5:3b:fc,HT,20,2,1,56,67,74,448,49670
2302,0,3a:8d:ef:b5:3b:fc,HT,20,2,1,56,67,74,448,49670
2303,0,3a:8d:ef:b5:3b:fc,HT,20,2,1,56,68,73,448,49670
2304,0,3a:8d:ef:b5:3b:fc,HT,20,2,1,56,67,75,448,49670
2305,0,3a:8d:ef:b5:3b:fc,HT,20,2,1,56,67,74,448,49670
2306,0,3a:8d:ef:b5:3b:fc,HT,20,2,1,56,67,74,448,49670
2307,0,22:6e:45:de:34:20,HT,20,2,1,56,73,76,448,49667
2308,0,3a:8d:ef:b5:3b:fc,HT,20,2,1,56,66,72,448,49670
2309,0,3a:8d:ef:b5:3b:fc,HT,20,2,1,56,67,74,448,49670
2310,0,3a:8d:ef:b5:3b:fc,HT,20,2,1,56,67,74,448,49670
2311,0,3a:8d:ef:b5:3b:fc,HT,20,2,1,56,68,73,448,49670
2312,0,3a:8d:ef:b5:3b:fc,HT,20,2,1,56,67,74,448,49670
2313,0,3a:8d:ef:b5:3b:fc,HT,20,2,1,56,69,73,448,49670
2314,0,3a:8d:ef:b5:3b:fc,HT,20,2,1,56,67,73,448,49670
2315,0,3a:8d:ef:b5:3b:fc,HT,20,2,1,56,67,74,448,49670
2316,0,22:6e:45:de:34:20,HT,20,2,2,56,74,76,896,49683
2317,0,22:6e:45:de:34:20,HT,20,2,1,56,74,77,448,49667
2318,0,3a:8d:ef:b5:3b:fc,HT,20,2,1,56,66,71,448,49670
2319,0,3a:8d:ef:b5:3b:fc,HT,20,2,1,56,66,71,448,49669
2320,0,3a:8d:ef:b5:3b:fc,HT,20,2,1,56,66,71,448,49670
2321,0,3a:8d:ef:b5:3b:fc,HT,20,2,1,56,67,69,448,49670
2322,0,22:6e:45:de:34:20,HT,20,2,1,56,74,74,448,49665
2323,0,22:6e:45:de:34:20,HT,20,2,1,56,74,74,448,49665
2324,0,3a:8d:ef:b5:3b:fc,HT,20,2,1,56,66,69,448,49670
2325,0,22:6e:45:de:34:20,HT,20,2,1,56,73,77,448,49667
2326,0,22:6e:45:de:34:20,HT,20,2,1,56,75,75,448,49667
2327,0,3a:8d:ef:b5:3b:fc,HT,20,2,1,56,66,72,448,49670
2328,0,3a:8d:ef:b5:3b:fc,HT,20,2,1,56,66,72,448,49670
2329,0,22:6e:45:de:34:20,HT,20,2,1,56,74,73,448,49667
2330,0,22:6e:45:de:34:20,HT,20,2,2,56,74,73,896,49683
2331,0,3a:8d:ef:b5:3b:fc,HT,20,2,1,56,67,75,448,49670
2332,0,3a:8d:ef:b5:3b:fc,HT,20,2,1,56,67,74,448,49670
2333,0,3a:8d:ef:b5:3b:fc,HT,20,2,1,56,67,73,448,49670
2334,0,3a:8d:ef:b5:3b:fc,HT,20,2,1,56,67,73,448,49670
2335,0,3a:8d:ef:b5:3b:fc,HT,20,2,1,56,68,72,448,49670
2336,0,3a:8d:ef:b5:3b:fc,HT,20,2,1,56,68,73,448,49670
2337,0,3a:8d:ef:b5:3b:fc,HT,20,2,1,56,68,73,448,49670
2338,0,3a:8d:ef:b5:3b:fc,HT,20,2,1,56,68,73,448,49670
2339,0,3a:8d:ef:b5:3b:fc,HT,20,2,1,56,67,74,448,49669
2340,0,3a:8d:ef:b5:3b:fc,HT,20,2,1,56,67,74,448,49670
2341,0,3a:8d:ef:b5:3b:fc,HT,20,2,1,56,67,73,448,49670
2342,0,3a:8d:ef:b5:3b:fc,HT,20,2,1,56,67,73,448,49670
2343,0,22:6e:45:de:34:20,HT,20,2,1,56,74,75,448,49667
2344,0,22:6e:45:de:34:20,HT,20,2,1,56,74,75,448,49667
2345,0,22:6e:45:de:34:20,HT,20,2,1,56,75,77,448,49667
2346,0,22:6e:45:de:34:20,HT,20,2,1,56,75,77,448,49666
2347,0,22:6e:45:de:34:20,HT,20,2,1,56,75,77,448,49665
2348,0,22:6e:45:de:34:20,HT,20,2,1,56,74,76,448,49667
2349,0,3a:8d:ef:b5:3b:fc,HT,20,2,1,56,67,73,448,49670
2350,0,22:6e:45:de:34:20,HT,20,2,1,56,73,80,448,49667
2351,0,3a:8d:ef:b5:3b:fc,HT,20,2,1,56,67,73,448,49670
2352,0,3a:8d:ef:b5:3b:fc,HT,20,2,1,56,67,74,448,49670
2353,0,3a:8d:ef:b5:3b:fc,HT,20,2,1,56,67,74,448,49670
2354,0,3a:8d:ef:b5:3b:fc,HT,20,2,1,56,67,74,448,49670
2355,0,3a:8d:ef:b5:3b:fc,HT,20,2,1,56,66,73,448,49665
2356,0,22:6e:45:de:34:20,HT,20,2,1,56,75,74,448,49666
2357,0,3a:8d:ef:b5:3b:fc,HT,20,2,1,56,67,75,448,49670
2358,0,22:6e:45:de:34:20,HT,20,2,1,56,74,76,448,49665
2359,0,22:6e:45:de:34:20,HT,20,2,1,56,73,75,448,49664
2360,0,3a:8d:ef:b5:3b:fc,HT,20,2,1,56,68,72,448,49670
2361,0,3a:8d:ef:b5:3b:fc,HT,20,2,1,56,69,73,448,49670
2362,0,3a:8d:ef:b5:3b:fc,HT,20,2,1,56,68,74,448,49670
2363,0,22:6e:45:de:34:20,HT,20,2,1,56,74,76,448,49666
2364,0,3a:8d:ef:b5:3b:fc,HT,20,2,1,56,66,72,448,49669
2365,0,3a:8d:ef:b5:3b:fc,HT,20,2,1,56,66,72,448,49670
2366,0,3a:8d:ef:b5:3b:fc,HT,20,2,1,56,66,72,448,49670
2367,0,3a:8d:ef:b5:3b:fc,HT,20,2,1,56,68,70,448,49670
2368,0,3a:8d:ef:b5:3b:fc,HT,20,2,1,56,67,69,448,49670
2369,0,22:6e:45:de:34:20,HT,20,2,1,56,73,75,448,49666
2370,0,3a:8d:ef:b5:3b:fc,HT,20,2,1,56,67,69,448,49670
2371,0,3a:8d:ef:b5:3b:fc,HT,20,2,1,56,67,70,448,49670
2372,0,3a:8d:ef:b5:3b:fc,HT,20,2,1,56,67,70,448,49667
2373,0,3a:8d:ef:b5:3b:fc,HT,20,2,1,56,67,70,448,49670
2374,0,3a:8d:ef:b5:3b:fc,HT,20,2,1,56,68,72,448,49667
2375,0,22:6e:45:de:34:20,HT,20,2,1,56,73,77,448,49665
2376,0,d8:67:45:de:34:20,HT,20,2,1,56,73,77,448,49664
2377,0,3a:8d:ef:b5:3b:fc,HT,20,2,1,56,67,72,448,49670
2378,0,3a:8d:ef:b5:3b:fc,HT,20,2,1,56,67,73,448,49670
2379,0,3a:8d:ef:b5:3b:fc,HT,20,2,1,56,68,72,448,49669
2380,0,3a:8d:ef:b5:3b:fc,HT,20,2,1,56,68,72,448,49670
2381,0,22:6e:45:de:34:20,HT,20,2,1,56,73,76,448,49666
2382,0,22:6e:45:de:34:20,HT,20,2,1,56,73,76,448,49665
2383,0,22:6e:45:de:34:20,HT,20,2,1,56,73,76,448,49668
2384,0,3a:8d:ef:b5:3b:fc,HT,20,2,1,56,67,70,448,49670
2385,0,22:6e:45:de:34:20,HT,20,2,1,56,73,76,448,49666
2386,0,3a:8d:ef:b5:3b:fc,HT,20,2,1,56,66,67,448,49667
2387,0,21:6e:45:5e:ce:21,HT,20,2,1,56,73,74,448,49666
2388,0,22:6e:45:de:34:20,HT,20,2,1,56,72,74,448,49666
2389,0,22:6e:45:de:34:20,HT,20,2,1,56,74,79,448,49666
2390,0,22:6e:45:de:34:20,HT,20,2,1,56,73,75,448,49666
2391,0,22:6e:45:de:34:20,HT,20,2,1,56,73,76,448,49666
2392,0,22:6e:45:de:34:20,HT,20,2,1,56,75,75,448,49666
2393,0,22:6e:45:de:34:20,HT,20,2,1,56,73,77,448,49666
2394,0,22:6e:45:de:34:20,HT,20,2,1,56,73,76,448,49666
2395,0,3a:8d:ef:b5:3b:fc,HT,20,2,1,56,68,69,448,49671
2396,0,22:6e:45:de:34:20,HT,20,2,2,56,73,75,896,49682
2397,0,3a:8d:ef:b5:3b:fc,HT,20,2,1,56,69,73,448,49670
2398,0,3a:8d:ef:b5:3b:fc,HT,20,2,1,56,69,74,448,49670
2399,0,3a:8d:ef:b5:3b:fc,HT,20,2,1,56,69,74,448,49670
2400,0,22:6e:45:de:34:20,HT,20,2,1,56,73,75,448,49666
2401,0,ea:81:3b:ba:37:20,HT,20,2,1,56,74,73,448,49666
2402,0,22:6e:45:de:34:20,HT,20,2,1,56,74,74,448,49665
2403,0,22:6e:45:de:34:20,HT,20,2,1,56,73,74,448,49664
2404,0,3a:8d:ef:b5:3b:fc,HT,20,2,1,56,67,70,448,49670
2405,0,3a:8d:ef:b5:3b:fc,HT,20,2,1,56,67,70,448,49670
2406,0,3a:8d:ef:b5:3b:fc,HT,20,2,1,56,69,73,448,49670
2407,0,3a:8d:ef:b5:3b:fc,HT,20,2,1,56,68,73,448,49670
2408,0,3a:8d:ef:b5:3b:fc,HT,20,2,1,56,67,73,448,49670
2409,0,3a:8d:ef:b5:3b:fc,HT,20,2,1,56,66,72,448,49670
2410,0,22:6e:45:de:34:20,HT,20,2,1,56,72,77,448,49665
2411,0,3a:8d:ef:b5:3b:fc,HT,20,2,1,56,67,71,448,49670
2412,0,3a:8d:ef:b5:3b:fc,HT,20,2,1,56,67,71,448,49670
2413,0,3a:8d:ef:b5:3b:fc,HT,20,2,1,56,67,70,448,49670
2414,0,3a:8d:ef:b5:3b:fc,HT,20,2,1,56,67,70,448,49670
2415,0,3a:8d:ef:b5:3b:fc,HT,20,2,1,56,67,70,448,49670
2416,0,3a:8d:ef:b5:3b:fc,HT,20,2,1,56,67,70,448,49670
2417,0,22:6e:45:de:34:20,HT,20,2,1,56,73,73,448,49666
2418,0,22:6e:45:de:34:20,HT,20,2,1,56,73,72,448,49666
2419,0,22:6e:45:de:34:20,HT,20,2,1,56,73,74,448,49665
2420,0,22:6e:45:de:34:20,HT,20,2,1,56,73,73,448,49664
2421,0,22:6e:45:de:34:20,HT,20,2,1,56,73,73,448,49664
2422,0,22:6e:45:de:34:20,HT,20,2,1,56,73,72,448,49665
2423,0,22:6e:45:de:34:20,HT,20,2,2,56,73,75,896,49682
2424,0,22:6e:45:de:34:20,HT,20,2,1,56,73,75,448,49666
2425,0,22:6e:45:de:34:20,HT,20,2,1,56,73,74,448,49664
2426,0,22:6e:45:de:34:20,HT,20,2,1,56,73,74,448,49666
2427,0,22:6e:45:de:34:20,HT,20,2,1,56,73,72,448,49666
2428,0,22:6e:45:de:34:20,HT,20,2,1,56,73,72,448,49665
2429,0,22:6e:45:de:34:20,HT,20,2,1,56,74,72,448,49664
2430,0,22:6e:45:de:34:20,HT,20,2,1,56,73,72,448,49664
2431,0,22:6e:45:de:34:20,HT,20,2,1,56,72,73,448,49666
2432,0,22:6e:45:de:34:20,HT,20,2,1,56,73,73,448,49665
2433,0,22:6e:45:de:34:20,HT,20,2,1,56,76,76,448,49667
2434,0,3a:8d:ef:b5:3b:fc,HT,20,2,1,56,67,71,448,49670
2435,0,22:6e:45:de:34:20,HT,20,2,1,56,73,80,448,49667
2436,0,3a:8d:ef:b5:3b:fc,HT,20,2,1,56,67,73,448,49670
2437,0,22:6e:45:de:34:20,HT,20,2,1,56,73,73,448,49666
2438,0,22:6e:45:de:34:20,HT,20,2,1,56,73,72,448,49665
2439,0,22:6e:45:de:34:20,HT,20,2,1,56,72,73,448,49665
2440,0,3a:8d:ef:b5:3b:fc,HT,20,2,1,56,66,73,448,49670
2441,0,3a:8d:ef:b5:3b:fc,HT,20,2,1,56,67,73,448,49670
2442,0,22:6e:45:de:34:20,HT,20,2,1,56,73,75,448,49666
2443,0,3a:8d:ef:b5:3b:fc,HT,20,2,1,56,67,71,448,49666
2444,0,3a:8d:ef:b5:3b:fc,HT,20,2,1,56,67,70,448,49670
2445,0,3a:8d:ef:b5:3b:fc,HT,20,2,1,56,67,69,448,49670
2446,0,3a:8d:ef:b5:3b:fc,HT,20,2,1,56,67,70,448,49670
2447,0,3a:8d:ef:b5:3b:fc,HT,20,2,1,56,67,69,448,49670
2448,0,68:72:51:58:79:97,HT,20,2,1,56,77,81,448,180739
2449,0,22:6e:45:de:34:20,HT,20,2,1,56,72,72,448,49667
2450,0,3a:8d:ef:b5:3b:fc,HT,20,2,1,56,67,69,448,49670
2451,0,3a:8d:ef:b5:3b:fc,HT,20,2,1,56,67,69,448,49670
2452,0,3a:8d:ef:b5:3b:fc,HT,20,2,1,56,66,68,448,49668
2453,0,3a:8d:ef:b5:3b:fc,HT,20,2,1,56,67,69,448,49670
2454,0,3a:8d:ef:b5:3b:fc,HT,20,2,1,56,67,70,448,49670
2455,0,22:6e:45:de:34:20,HT,20,2,1,56,73,77,448,49667
2456,0,22:6e:45:de:34:20,HT,20,2,1,56,72,75,448,49667
2457,0,22:6e:45:de:34:20,HT,20,2,1,56,72,75,448,49666
2458,0,22:6e:45:de:34:20,HT,20,2,1,56,72,74,448,49666
2459,0,22:6e:45:de:34:20,HT,20,2,1,56,73,74,448,49667
2460,0,22:6e:45:de:34:20,HT,20,2,1,56,72,74,448,49667
2461,0,22:6e:45:de:34:20,HT,20,2,1,56,72,74,448,49667
2462,0,22:6e:45:de:34:20,HT,20,2,2,56,73,74,896,49683
2463,0,22:6e:45:de:34:20,HT,20,2,1,56,74,72,448,49666
2464,0,22:6e:45:de:34:20,HT,20,2,1,56,73,73,448,49667
2465,0,22:6e:45:de:34:20,HT,20,2,1,56,73,72,448,49666
2466,0,22:6e:45:de:34:20,HT,20,2,1,56,74,72,448,49667
2467,0,22:6e:45:de:34:20,HT,20,2,1,56,72,71,448,49666
2468,0,22:6e:45:de:34:20,HT,20,2,1,56,73,71,448,49665
2469,0,22:6e:45:de:34:20,HT,20,2,1,56,75,71,448,49665
2470,0,22:6e:45:de:34:20,HT,20,2,1,56,75,71,448,49665
2471,0,22:6e:45:de:34:20,HT,20,2,1,56,75,72,448,49667
2472,0,22:6e:45:de:34:20,HT,20,2,1,56,73,74,448,49667
2473,0,22:6e:45:de:34:20,HT,20,2,1,56,74,73,448,49666
2474,0,22:6e:45:de:34:20,HT,20,2,1,56,72,72,448,49667
2475,0,22:6e:45:de:34:20,HT,20,2,1,56,73,71,448,49667
2476,0,22:6e:45:de:34:20,HT,20,2,1,56,73,71,448,49666
2477,0,22:6e:45:de:34:20,HT,20,2,1,56,73,71,448,49665
2478,0,22:6e:45:de:34:20,HT,20,2,1,56,73,71,448,49665
2479,0,22:6e:45:de:34:20,HT,20,2,1,56,75,72,448,49667
2480,0,22:6e:45:de:34:20,HT,20,2,1,56,76,74,448,49667
2481,0,22:6e:45:de:34:20,HT,20,2,1,56,73,73,448,49667
2482,0,22:6e:45:de:34:20,HT,20,2,1,56,72,72,448,49666
2483,0,22:6e:45:de:34:20,HT,20,2,1,56,74,72,448,49667
2484,0,22:6e:45:de:34:20,HT,20,2,1,56,74,72,448,49666
2485,0,22:6e:45:de:34:20,HT,20,2,1,56,73,72,448,49665
2486,0,22:6e:45:de:34:20,HT,20,2,1,56,73,71,448,49665
2487,0,22:6e:45:de:34:20,HT,20,2,1,56,76,73,448,49666
2488,0,22:6e:45:de:34:20,HT,20,2,1,56,76,77,448,49667
2489,0,22:6e:45:de:34:20,HT,20,2,1,56,75,73,448,49666
2490,0,22:6e:45:de:34:20,HT,20,2,1,56,74,72,448,49667
2491,0,22:6e:45:de:34:20,HT,20,2,1,56,74,73,448,49667
2492,0,22:6e:45:de:34:20,HT,20,2,2,56,73,72,896,49681
2493,0,22:6e:45:de:34:20,HT,20,2,2,56,73,72,896,49681
2494,0,22:6e:45:de:34:20,HT,20,2,1,56,75,72,448,49667
2495,0,22:6e:45:de:34:20,HT,20,2,1,56,76,74,448,49665
2496,0,22:6e:45:de:34:20,HT,20,2,1,56,74,75,448,49667
2497,0,22:6e:45:de:34:20,HT,20,2,1,56,74,75,448,49667
2498,0,22:6e:45:de:34:20,HT,20,2,1,56,73,75,448,49665
2499,0,22:6e:45:de:34:20,HT,20,2,1,56,73,75,448,49664
2500,0,22:6e:45:de:34:20,HT,20,2,1,56,75,74,448,49667
2501,0,22:6e:45:de:34:20,HT,20,2,1,56,75,74,448,49667
2502,0,22:6e:45:de:34:20,HT,20,2,1,56,74,73,448,49665
2503,0,22:6e:45:de:34:20,HT,20,2,1,56,74,73,448,49664
2504,0,22:6e:45:de:34:20,HT,20,2,1,56,74,74,448,49667
2505,0,22:6e:45:de:34:20,HT,20,2,1,56,76,72,448,49667
2506,0,22:6e:45:de:34:20,HT,20,2,1,56,75,72,448,49667
2507,0,22:6e:45:de:34:20,HT,20,2,1,56,74,72,448,49667
2508,0,22:6e:45:de:34:20,HT,20,2,1,56,75,73,448,49667
2509,0,22:6e:45:de:34:20,HT,20,2,1,56,75,73,448,49665
2510,0,22:6e:45:de:34:20,HT,20,2,2,56,74,73,896,49681
2511,0,22:6e:45:de:34:20,HT,20,2,1,56,74,73,448,49667
2512,0,22:6e:45:de:34:20,HT,20,2,1,56,74,74,448,49667
2513,0,22:6e:45:de:34:20,HT,20,2,1,56,75,74,448,49667
2514,0,22:6e:45:de:34:20,HT,20,2,1,56,74,73,448,49667
2515,0,22:6e:45:de:34:20,HT,20,2,1,56,74,73,448,49667
2516,0,22:6e:45:de:34:20,HT,20,2,1,56,75,74,448,49667
2517,0,22:6e:45:de:34:20,HT,20,2,1,56,76,74,448,49664
2518,0,22:6e:45:de:34:20,HT,20,2,1,56,75,74,448,49664
2519,0,22:7e:45:de:34:20,HT,20,2,1,56,75,75,448,49666
2520,0,22:6e:45:de:34:20,HT,20,2,1,56,74,73,448,49666
2521,0,22:6e:45:de:34:20,HT,20,2,1,56,75,74,448,49668
2522,0,22:6e:45:de:34:20,HT,20,2,1,56,74,75,448,49666
2523,0,22:6e:45:de:34:20,HT,20,2,1,56,74,75,448,49665
2524,0,22:6e:45:de:34:20,HT,20,2,1,56,74,75,448,49664
2525,0,22:6e:45:de:34:20,HT,20,2,1,56,74,74,448,49666
2526,0,22:6e:45:de:34:20,HT,20,2,1,56,73,73,448,49666
2527,0,22:6e:45:de:34:20,HT,20,2,1,56,74,72,448,49666
2528,0,22:6e:45:de:34:20,HT,20,2,1,56,75,72,448,49666
2529,0,22:6e:45:de:34:20,HT,20,2,2,56,75,73,896,49682
2530,0,22:6e:45:de:34:20,HT,20,2,1,56,75,74,448,49666
2531,0,22:6e:45:de:34:20,HT,20,2,1,56,74,74,448,49665
2532,0,22:6e:45:de:34:20,HT,20,2,1,56,74,75,448,49665
2533,0,d2:eb:c2:e1:ba:12,HT,20,2,1,56,65,67,448,49667
2534,0,d2:eb:c2:e1:ba:12,HT,20,2,1,56,66,67,448,49666
2535,0,d2:eb:c2:e1:ba:12,HT,20,2,1,56,65,67,448,49665
2536,0,d2:eb:c2:e1:ba:12,HT,20,2,1,56,65,67,448,49664
2537,0,d2:eb:c2:e1:ba:12,HT,20,2,1,56,65,67,448,49664
2538,0,d2:eb:c2:e1:ba:12,HT,20,2,1,56,68,67,448,49667
2539,0,d2:eb:c2:e1:ba:12,HT,20,2,1,56,68,67,448,49666
2540,0,22:6e:45:de:34:20,HT,20,2,1,56,75,72,448,49666
2541,0,22:6e:45:de:34:20,HT,20,2,1,56,74,73,448,49665
2542,0,22:6e:45:de:34:20,HT,20,2,1,56,74,73,448,49667
2543,0,22:6e:45:de:34:20,HT,20,2,1,56,75,74,448,49667
2544,0,22:6e:45:de:34:20,HT,20,2,1,56,74,74,448,49666
2545,0,22:6e:45:de:34:20,HT,20,2,1,56,74,74,448,49667
2546,0,22:6e:45:de:34:20,HT,20,2,1,56,75,74,448,49666
2547,0,22:6e:45:de:34:20,HT,20,2,1,56,74,73,448,49667
2548,0,22:6e:45:de:34:20,HT,20,2,1,56,75,72,448,49666
2549,0,22:6e:45:de:34:20,HT,20,2,1,56,76,72,448,49667
2550,0,22:6e:45:de:34:20,HT,20,2,1,56,76,72,448,49666
2551,0,d2:eb:c2:e1:ba:12,HT,20,2,1,56,68,69,448,49667
2552,0,22:6e:45:de:34:20,HT,20,2,1,56,73,73,448,49666
2553,0,22:6e:45:de:34:20,HT,20,2,1,56,74,73,448,49667
2554,0,22:6e:45:de:34:20,HT,20,2,1,56,75,73,448,49666
2555,0,22:6e:45:de:34:20,HT,20,2,1,56,74,73,448,49667
2556,0,22:6e:45:de:34:20,HT,20,2,1,56,74,74,448,49667
2557,0,22:6e:45:de:34:20,HT,20,2,1,56,75,76,448,49667
2558,0,22:6e:45:de:34:20,HT,20,2,1,56,75,75,448,49667
2559,0,22:6e:45:de:34:20,HT,20,2,1,56,73,75,448,49666
2560,0,22:6e:45:de:34:20,HT,20,2,1,56,75,74,448,49665
2561,0,d2:eb:c2:e1:ba:12,HT,20,2,1,56,67,70,448,49667
2562,0,d2:eb:c2:e1:ba:12,HT,20,2,1,56,68,70,448,49666
2563,0,d2:eb:c2:e1:ba:12,HT,20,2,1,56,67,69,448,49665
2564,0,22:6e:45:de:34:20,HT,20,2,1,56,72,73,448,49665
2565,0,22:6e:45:de:34:20,HT,20,2,1,56,73,74,448,49664
2566,0,22:6e:45:de:34:20,HT,20,2,1,56,74,74,448,49666
2567,0,22:6e:45:de:34:20,HT,20,2,1,56,74,74,448,49665
2568,0,22:6e:45:de:34:20,HT,20,2,2,56,75,73,896,49682
2569,0,22:6e:45:de:34:20,HT,20,2,1,56,74,73,448,49666
2570,0,22:6e:45:de:34:20,HT,20,2,1,56,72,72,448,49666
2571,0,22:6e:45:de:34:20,HT,20,2,1,56,75,74,448,49666
2572,0,22:6e:45:de:34:20,HT,20,2,1,56,73,73,448,49665
2573,0,22:6e:45:de:34:20,HT,20,2,1,56,75,75,448,49664
2574,0,22:6e:45:de:34:20,HT,20,2,1,56,75,71,448,49666
2575,0,22:6e:45:de:34:20,HT,20,2,1,56,74,73,448,49666
2576,0,22:6e:45:de:34:20,HT,20,2,1,56,73,73,448,49666
2577,0,22:6e:45:de:34:20,HT,20,2,1,56,73,73,448,49665
2578,0,22:6e:45:de:34:20,HT,20,2,1,56,72,73,448,49664
2579,0,22:6e:45:de:34:20,HT,20,2,1,56,74,71,448,49666
2580,0,22:6e:45:de:34:20,HT,20,2,1,56,74,71,448,49666
2581,0,22:6e:45:de:34:20,HT,20,2,1,56,74,72,448,49665
2582,0,22:6e:45:de:34:20,HT,20,2,1,56,74,71,448,49665
2583,0,22:6e:45:de:34:20,HT,20,2,1,56,72,75,448,49665
2584,0,22:6e:45:de:34:20,HT,20,2,1,56,73,74,448,49666
2585,0,22:6e:45:de:34:20,HT,20,2,1,56,74,72,448,49666
2586,0,22:6e:45:de:34:20,HT,20,2,1,56,73,73,448,49666
2587,0,22:6e:45:de:34:20,HT,20,2,1,56,74,71,448,49666
2588,0,d2:eb:c2:e1:ba:12,HT,20,2,1,56,68,67,448,49667
2589,0,22:6e:45:de:34:20,HT,20,2,1,56,74,73,448,49665
2590,0,22:6e:45:de:34:20,HT,20,2,1,56,73,74,448,49664
2591,0,22:6e:45:de:34:20,HT,20,2,1,56,73,73,448,49664
2592,0,22:6e:45:de:34:20,HT,20,2,1,56,74,71,448,49665
2593,0,22:6e:45:de:34:20,HT,20,2,1,56,75,72,448,49664
2594,0,22:6e:45:de:34:20,HT,20,2,1,56,73,73,448,49666
2595,0,22:6e:45:de:34:20,HT,20,2,1,56,73,73,448,49666
2596,0,22:6e:45:de:34:20,HT,20,2,1,56,74,73,448,49666
2597,0,22:6e:45:de:34:20,HT,20,2,1,56,73,73,448,49666
2598,0,22:6e:45:de:34:20,HT,20,2,1,56,73,72,448,49666
2599,0,22:6e:45:de:34:20,HT,20,2,1,56,74,72,448,49665
2600,0,22:6e:45:de:34:20,HT,20,2,1,56,73,72,448,49664
2601,0,22:6e:45:de:34:20,HT,20,2,1,56,75,71,448,49664
2602,0,22:6e:45:de:34:20,HT,20,2,1,56,74,71,448,49664
2603,0,22:6e:45:de:34:20,HT,20,2,2,56,75,72,896,49682
2604,0,22:6e:45:de:34:20,HT,20,2,1,56,73,71,448,49666
2605,0,22:6e:45:de:34:20,HT,20,2,1,56,73,74,448,49666
2606,0,22:6e:45:de:34:20,HT,20,2,1,56,73,73,448,49666
2607,0,22:6e:45:de:34:20,HT,20,2,1,56,72,73,448,49666
2608,0,22:6e:45:de:34:20,HT,20,2,2,56,75,71,896,49682
2609,0,22:6e:45:de:34:20,HT,20,2,1,56,75,71,448,49666
2610,0,22:6e:45:de:34:20,HT,20,2,1,56,74,70,448,49665
2611,0,22:6e:45:de:34:20,HT,20,2,1,56,75,70,448,49664
2612,0,22:6e:45:de:34:20,HT,20,2,1,56,74,72,448,49666
2613,0,22:6e:45:de:34:20,HT,20,2,1,56,74,70,448,49665
2614,0,22:6e:45:de:34:20,HT,20,2,1,56,74,71,448,49664
2615,0,22:6e:45:de:34:20,HT,20,2,1,56,73,70,448,49664
2616,0,22:6e:45:de:34:20,HT,20,2,2,56,76,71,896,49682
2617,0,22:6e:45:de:34:20,HT,20,2,1,56,73,71,448,49665
2618,0,22:6e:45:de:34:20,HT,20,2,1,56,74,72,448,49664
2619,0,22:6e:45:de:34:20,HT,20,2,1,56,74,72,448,49664
2620,0,22:6e:45:de:34:20,HT,20,2,1,56,73,72,448,49666
2621,0,22:6e:45:de:34:20,HT,20,2,2,56,75,72,896,49682
2622,0,22:6e:45:de:34:20,HT,20,2,1,56,76,71,448,49666
2623,0,22:6e:45:de:34:20,HT,20,2,1,56,75,73,448,49666
2624,0,22:6e:45:de:34:20,HT,20,2,2,56,74,70,896,49682
2625,0,22:6e:45:de:34:20,HT,20,2,1,56,73,71,448,49666
2626,0,22:6e:45:de:34:20,HT,20,2,1,56,74,70,448,49666
2627,0,22:6e:45:de:34:20,HT,20,2,1,56,74,72,448,49665
2628,0,22:6e:45:de:34:20,HT,20,2,1,56,73,71,448,49666
2629,0,22:6e:45:de:34:20,HT,20,2,1,56,74,72,448,49666
2630,0,22:6e:45:de:34:20,HT,20,2,1,56,74,74,448,49668
2631,0,22:6e:45:de:34:20,HT,20,2,1,56,74,71,448,49666
2632,0,22:6e:45:de:34:20,HT,20,2,2,56,74,71,896,49682
2633,0,22:6e:45:de:34:20,HT,20,2,1,56,76,71,448,49665
2634,0,22:6e:45:de:34:20,HT,20,2,1,56,73,74,448,49666
2635,0,3a:8d:ef:b5:3b:fc,HT,20,2,1,56,67,68,448,49671
2636,0,22:6e:45:de:34:20,HT,20,2,1,56,73,70,448,49666
2637,0,22:6e:45:de:34:20,HT,20,2,1,56,74,71,448,49665
2638,0,22:6e:45:de:34:20,HT,20,2,1,56,73,71,448,49664
2639,0,22:6e:45:de:34:20,HT,20,2,1,56,74,74,448,49664
2640,0,3a:8d:ef:b5:3b:fc,HT,20,2,1,56,67,69,448,49671
2641,0,3a:8d:ef:b5:3b:fc,HT,20,2,1,56,67,68,448,49671
2642,0,3a:8d:ef:b5:3b:fc,HT,20,2,1,56,67,68,448,49671
2643,0,3a:8d:ef:b5:3b:fc,HT,20,2,1,56,68,69,448,49671
2644,0,68:72:51:58:79:97,HT,20,2,1,56,77,82,448,180739
2645,0,3a:8d:ef:b5:3b:fc,HT,20,2,1,56,68,72,448,49671
2646,0,3a:8d:ef:b5:3b:fc,HT,20,2,1,56,67,71,448,49671
2647,0,3a:8d:ef:b5:3b:fc,HT,20,2,1,56,68,72,448,49669
2648,0,22:6e:45:de:34:20,HT,20,2,1,56,74,71,448,49665
2649,0,3a:8d:ef:b5:3b:fc,HT,20,2,1,56,67,72,448,49671
2650,0,22:6e:45:de:34:20,HT,20,2,1,56,74,72,448,49665
2651,0,22:6e:45:de:34:20,HT,20,2,1,56,75,72,448,49666
2652,0,3a:8d:ef:b5:3b:fc,HT,20,2,1,56,67,67,448,49669
2653,0,22:6e:45:de:34:20,HT,20,2,2,56,74,73,896,49683
2654,0,22:6e:45:de:34:20,HT,20,2,1,56,74,72,448,49667
2655,0,3a:8d:ef:b5:3b:fc,HT,20,2,1,56,68,71,448,49671
2656,0,3a:8d:ef:b5:3b:fc,HT,20,2,1,56,68,71,448,49671
2657,0,3a:8d:ef:b5:3b:fc,HT,20,2,1,56,68,72,448,49671
2658,0,3a:8d:ef:b5:3b:fc,HT,20,2,1,56,68,72,448,49671
2659,0,3a:8d:ef:b5:3b:fc,HT,20,2,1,56,69,72,448,49671
2660,0,22:6e:45:de:34:20,HT,20,2,1,56,74,72,448,49665
2661,0,22:6e:45:de:34:20,HT,20,2,1,56,75,75,448,49667
2662,0,3a:8d:ef:b5:3b:fc,HT,20,2,1,56,67,72,448,49669
2663,0,3a:8d:ef:b5:3b:fc,HT,20,2,1,56,68,68,448,49671
2664,0,3a:8d:ef:b5:3b:fc,HT,20,2,1,56,68,68,448,49671
2665,0,3a:8d:ef:b5:3b:fc,HT,20,2,1,56,67,67,448,49671
2666,0,3a:8d:ef:b5:3b:fc,HT,20,2,1,56,67,67,448,49671
2667,0,3a:8d:ef:b5:3b:fc,HT,20,2,1,56,67,67,448,49671
2668,0,22:6e:45:de:34:20,HT,20,2,1,56,75,74,448,49667
2669,0,22:6e:45:de:34:20,HT,20,2,1,56,74,74,448,49666
2670,0,22:6e:45:de:34:20,HT,20,2,1,56,74,73,448,49665
2671,0,3a:8d:ef:b5:3b:fc,HT,20,2,1,56,69,73,448,49671
2672,0,3a:8d:ef:b5:3b:fc,HT,20,2,1,56,69,74,448,49671
2673,0,3a:8d:ef:b5:3b:fc,HT,20,2,1,56,68,73,448,49669
2674,0,3a:8d:ef:b5:3b:fc,HT,20,2,1,56,69,71,448,49669
2675,0,22:6e:45:de:34:20,HT,20,2,1,56,74,72,448,49666
2676,0,3a:8d:ef:b5:3b:fc,HT,20,2,1,56,68,74,448,49671
2677,0,3a:8d:ef:b5:3b:fc,HT,20,2,1,56,68,73,448,49669
2678,0,22:6e:45:de:34:20,HT,20,2,1,56,75,72,448,49665
2679,0,22:6e:45:de:34:20,HT,20,2,1,56,74,71,448,49665
2680,0,22:6e:45:de:34:20,HT,20,2,1,56,75,73,448,49665
2681,0,22:6e:45:de:34:20,HT,20,2,1,56,74,73,448,49667
2682,0,22:6e:45:de:34:20,HT,20,2,1,56,74,73,448,49667
2683,0,3a:8d:ef:b5:3b:fc,HT,20,2,1,56,69,72,448,49671
2684,0,22:6e:45:de:34:20,HT,20,2,1,56,73,71,448,49665
2685,0,3a:8d:ef:b5:3b:fc,HT,20,2,1,56,69,72,448,49671
2686,0,3a:8d:ef:b5:3b:fc,HT,20,2,1,56,69,72,448,49671
2687,0,3a:8d:ef:b5:3b:fc,HT,20,2,1,56,69,72,448,49671
2688,0,22:6e:45:de:34:20,HT,20,2,1,56,75,71,448,49667
2689,0,22:6e:45:de:34:20,HT,20,2,1,56,74,71,448,49666
2690,0,3a:8d:ef:b5:3b:fc,HT,20,2,1,56,67,70,448,49671
2691,0,3a:8d:ef:b5:3b:fc,HT,20,2,1,56,67,70,448,49671
2692,0,3a:8d:ef:b5:3b:fc,HT,20,2,1,56,67,71,448,49669
2693,0,3a:8d:ef:b5:3b:fc,HT,20,2,1,56,67,71,448,49671
2694,0,3a:8d:ef:b5:3b:fc,HT,20,2,1,56,67,70,448,49671
2695,0,3a:8d:ef:b5:3b:fc,HT,20,2,1,56,67,69,448,49671
2696,0,3a:8d:ef:b5:3b:fc,HT,20,2,1,56,68,68,448,49671
2697,0,3a:8d:ef:b5:3b:fc,HT,20,2,1,56,68,68,448,49671
2698,0,68:72:51:58:79:97,HT,20,2,1,56,78,84,448,180739
2699,0,22:6e:45:de:34:20,HT,20,2,1,56,73,72,448,49667
2700,0,3a:8d:ef:b5:3b:fc,HT,20,2,1,56,69,72,448,49671
2701,0,3a:8d:ef:b5:3b:fc,HT,20,2,1,56,69,72,448,49671
2702,0,22:6e:45:de:34:20,HT,20,2,1,56,75,73,448,49667
2703,0,22:6e:45:de:34:20,HT,20,2,1,56,73,73,448,49665
2704,0,3a:8d:ef:b5:3b:fc,HT,20,2,1,56,67,68,448,49671
2705,0,3a:8d:ef:b5:3b:fc,HT,20,2,1,56,67,68,448,49671
2706,0,3a:8d:ef:b5:3b:fc,HT,20,2,1,56,67,67,448,49669
2707,0,3a:8d:ef:b5:3b:fc,HT,20,2,1,56,67,68,448,49671
2708,0,d2:eb:c2:e1:ba:12,HT,20,2,1,56,68,67,448,49667
2709,0,3a:8d:ef:b5:3b:fc,HT,20,2,1,56,67,68,448,49671
2710,0,3a:8d:ef:b5:3b:fc,HT,20,2,1,56,67,68,448,49671
2711,0,3a:8d:ef:b5:3b:fc,HT,20,2,1,56,68,73,448,49671
2712,0,22:6e:45:de:34:20,HT,20,2,1,56,74,72,448,49667
2713,0,22:6e:45:de:34:20,HT,20,2,1,56,75,72,448,49666
2714,0,3a:8d:ef:b5:3b:fc,HT,20,2,1,56,67,73,448,49671
2715,0,3a:8d:ef:b5:3b:fc,HT,20,2,1,56,67,73,448,49669
2716,0,3a:8d:ef:b5:3b:fc,HT,20,2,1,56,67,73,448,49669
2717,0,22:6e:45:de:34:20,HT,20,2,1,56,74,73,448,49666
2718,0,22:6e:45:de:34:20,HT,20,2,1,56,73,73,448,49665
2719,0,22:6e:45:de:34:20,HT,20,2,1,56,73,72,448,49664
2720,0,3a:8d:ef:b5:3b:fc,HT,20,2,1,56,66,72,448,49671
2721,0,22:6e:45:de:34:20,HT,20,2,1,56,74,72,448,49665
2722,0,3a:8d:ef:b5:3b:fc,HT,20,2,1,56,67,70,448,49671
2723,0,3a:8d:ef:b5:3b:fc,HT,20,2,1,56,67,70,448,49671
2724,0,22:6e:45:de:34:20,HT,20,2,2,56,74,73,896,49682
2725,0,3a:8d:ef:b5:3b:fc,HT,20,2,1,56,68,69,448,49671
2726,0,3a:8d:ef:b5:3b:fc,HT,20,2,1,56,68,68,448,49671
2727,0,22:6e:45:de:34:20,HT,20,2,1,56,74,73,448,49666
2728,0,3a:8d:ef:b5:3b:fc,HT,20,2,1,56,67,69,448,49671
2729,0,3a:8d:ef:b5:3b:fc,HT,20,2,1,56,67,70,448,49671
2730,0,3a:8d:ef:b5:3b:fc,HT,20,2,1,56,67,70,448,49671
2731,0,22:6e:45:de:34:20,HT,20,2,1,56,74,73,448,49666
2732,0,22:6e:45:de:34:20,HT,20,2,1,56,73,73,448,49665
2733,0,22:6e:45:de:34:20,HT,20,2,1,56,74,73,448,49664
2734,0,22:6e:45:de:34:20,HT,20,2,1,56,74,73,448,49664
2735,0,22:6e:45:de:34:20,HT,20,2,2,56,74,74,896,49682
